,molecule_chembl_id,canonical_smiles,pIC50,mol,is_lipinski,RotatableBonds,mw,logp,hbd,hba,TPSA,QED
3,CHEMBL142009,COc1cc2c(cc1OC)CN(C(=O)[C@@H](NCc1ccncc1)C(C)(C)C)CC2,7.3979400086720375,<rdkit.Chem.rdchem.Mol object at 0x1767b23b0>,True,6,397.5190000000002,3.1880000000000015,1,5,63.690000000000005,0.8110833678105231
4,CHEMBL343786,COc1cc2c(cc1OC)CN(C(=O)[C@@H](NCc1ccsc1)C(C)(C)C)CC2,7.455931955649724,<rdkit.Chem.rdchem.Mol object at 0x1767b2420>,True,6,402.5600000000002,3.8545000000000025,1,5,50.800000000000004,0.7972989632181781
5,CHEMBL139634,COc1cc2c(cc1OC)CN(C(=O)[C@@H](NCc1cccnc1)C(C)(C)C)CC2,6.619788758288394,<rdkit.Chem.rdchem.Mol object at 0x1767b2490>,True,6,397.5190000000002,3.1880000000000015,1,5,63.690000000000005,0.8110833678105231
7,CHEMBL140547,COc1cc2c(cc1OC)CN(C(=O)[C@@H](NCc1cccn1C)C(C)(C)C)CC2,7.552841968657781,<rdkit.Chem.rdchem.Mol object at 0x1767b2570>,True,6,399.5350000000002,3.131500000000001,1,4,55.730000000000004,0.8108945041881264
13,CHEMBL344622,COc1cc2c(cc1OC)CN(C(=O)[C@@H](NCc1cccs1)C(C)(C)C)CC2,7.6020599913279625,<rdkit.Chem.rdchem.Mol object at 0x1767b2650>,True,6,402.5600000000002,3.8545000000000025,1,5,50.800000000000004,0.7972989632181781
15,CHEMBL337367,COc1cc2c(cc1OC)CN(C(=O)[C@H](Cc1ccccc1)NC(=O)c1ccccc1)CC2,6.709965388637482,<rdkit.Chem.rdchem.Mol object at 0x1767b26c0>,True,7,444.5310000000001,3.629800000000002,1,4,67.87,0.604393538460471
19,CHEMBL139083,COc1cc2c(cc1OC)CN(C(=O)C(Cc1ccccc1)C(C)(C)C)CC2,7.251811972993799,<rdkit.Chem.rdchem.Mol object at 0x1767b2730>,True,5,381.51600000000013,4.4935000000000045,0,3,38.77,0.765736669082372
23,CHEMBL444602,COc1cc2c(cc1OC)CN(C(=O)[C@@H](NCc1nccs1)C(C)(C)C)CC2,7.229147988357855,<rdkit.Chem.rdchem.Mol object at 0x1767b27a0>,True,6,403.5480000000002,3.249500000000002,1,6,63.690000000000005,0.8021707376089108
27,CHEMBL140348,COc1cc2c(cc1OC)CN(C(=O)[C@@H](NCc1ccccc1)C(C)(C)C)CC2,6.886056647693163,<rdkit.Chem.rdchem.Mol object at 0x1767b2810>,True,6,396.5310000000002,3.793000000000003,1,4,50.800000000000004,0.8071019374165044
29,CHEMBL455137,CCN(CC)C(=O)CN(c1ccc(C)cc1)S(=O)(=O)c1ccc(C(C)(C)C)cc1,8.301029995663981,<rdkit.Chem.rdchem.Mol object at 0x1767b2880>,True,7,416.5870000000002,4.356220000000004,0,3,57.690000000000005,0.6739303465137758
30,CHEMBL510425,CCN(CC)C(=O)CN(c1ccc(C)cc1)S(=O)(=O)c1ccc(OC)c(OC)c1,7.721246399047171,<rdkit.Chem.rdchem.Mol object at 0x1767b28f0>,True,9,420.53100000000023,3.0759200000000018,0,5,76.15,0.623152935863368
31,CHEMBL496993,CCc1ccc(S(=O)(=O)N(CC(=O)N(CC)CC)c2ccc(C)cc2)cc1,7.050609993355087,<rdkit.Chem.rdchem.Mol object at 0x1767b2960>,True,8,388.5330000000001,3.621120000000003,0,3,57.690000000000005,0.6939251043337955
32,CHEMBL524267,CCN(CC)C(=O)CN(c1ccc(C)cc1)S(=O)(=O)c1ccc(C)cc1,6.634512015109101,<rdkit.Chem.rdchem.Mol object at 0x1767b29d0>,True,7,374.50600000000014,3.3671400000000027,0,3,57.690000000000005,0.7465630669147013
34,CHEMBL497402,CCN(CC)C(=O)CN(c1ccc(C)cc1)S(=O)(=O)c1ccc(Br)cc1,6.847711655616943,<rdkit.Chem.rdchem.Mol object at 0x1767b2ab0>,True,7,439.3750000000001,3.821220000000003,0,3,57.690000000000005,0.6593034827609985
38,CHEMBL467577,CCN(CC)C(=O)CN(c1ccc(C)cc1)S(=O)(=O)c1ccccc1C,7.236572006437063,<rdkit.Chem.rdchem.Mol object at 0x1767b2a40>,True,7,374.50600000000014,3.3671400000000027,0,3,57.690000000000005,0.7465630669147013
41,CHEMBL513527,CCN(CC)C(=O)CN(c1ccc(C)cc1)S(=O)(=O)c1cccc(C)c1,7.221848749616356,<rdkit.Chem.rdchem.Mol object at 0x1767b2b90>,True,7,374.50600000000014,3.3671400000000027,0,3,57.690000000000005,0.7465630669147013
42,CHEMBL497565,CCN(CC)C(=O)CN(c1ccc(C)cc1)S(=O)(=O)c1cccc(Cl)c1,6.856985199745905,<rdkit.Chem.rdchem.Mol object at 0x1767b2b20>,True,7,394.9240000000001,3.712120000000003,0,3,57.690000000000005,0.7187685726224233
91,CHEMBL489893,CNC1CCCC1CN[C@H](C(=O)N1CCc2cc(OC)c(OC)cc2C1)C(C)(C)C,7.552841968657781,<rdkit.Chem.rdchem.Mol object at 0x1767b38b0>,True,7,417.5940000000003,2.980900000000001,2,5,62.83,0.7141901247562892
169,CHEMBL1080723,CCn1nc(C)c2c1CCN(C(C(=O)NC)c1ccccc1)C2CCc1ccccc1F,7.657577319177793,<rdkit.Chem.rdchem.Mol object at 0x1767c0580>,True,7,434.55900000000014,4.369820000000003,1,3,50.160000000000004,0.6008163018873026
170,CHEMBL1080724,CCn1nc(C)c2c1CCN(C(C(=O)NC)c1ccccc1)C2CCc1cccc(F)c1,8.0,<rdkit.Chem.rdchem.Mol object at 0x1767c05f0>,True,7,434.55900000000014,4.369820000000003,1,3,50.160000000000004,0.6008163018873026
174,CHEMBL1080571,CCn1nc(C)c2c1CCN([C@@H](C(=O)NC)c1ccccc1)[C@H]2COc1ccc(C)cc1,7.721246399047171,<rdkit.Chem.rdchem.Mol object at 0x1767c07b0>,True,7,432.56800000000015,3.9853400000000025,1,4,59.39,0.6134537309857309
189,CHEMBL1083657,C[C@@H]1CCN(c2ncc3c(n2)CCCC3)CCN1C(=O)c1ccccc1-n1nccn1,7.552841968657781,<rdkit.Chem.rdchem.Mol object at 0x1767c0c10>,True,3,417.51700000000005,2.677100000000001,0,6,80.04,0.651888690435177
213,CHEMBL1911750,C[C@@H]1COc2ccc(OC(F)F)cc2[C@H](C)N1C(=O)c1ccc(Cl)cc1,7.568636235841013,<rdkit.Chem.rdchem.Mol object at 0x1767c1150>,True,3,381.80600000000004,4.925700000000004,0,3,38.77,0.7566162197082097
214,CHEMBL1911936,O=S(=O)(c1ccccc1)N1CCOC12CCN(c1cnc3ccccc3n1)CC2,6.638272163982407,<rdkit.Chem.rdchem.Mol object at 0x1767c11c0>,True,3,410.4990000000001,2.647400000000001,0,6,75.63,0.660830215308432
216,CHEMBL2092734,O=C(Nc1ccccc1)N1CCC2(OCCN2S(=O)(=O)c2ccccc2)[C@H](F)C1,6.769551078621726,<rdkit.Chem.rdchem.Mol object at 0x1767c1230>,True,3,419.478,2.6797000000000013,1,4,78.95000000000002,0.8297760398988603
217,CHEMBL2092888,O=C(Nc1ccccc1)N1CCC2(OCCN2S(=O)(=O)c2ccccc2)[C@@H](F)C1,6.657577319177793,<rdkit.Chem.rdchem.Mol object at 0x1767c12a0>,True,3,419.478,2.6797000000000013,1,4,78.95000000000002,0.8297760398988603
219,CHEMBL1911940,COc1cccc(S(=O)(=O)N2CCOC23CCN(C(=O)Nc2ccccc2)CC3F)c1,6.886056647693163,<rdkit.Chem.rdchem.Mol object at 0x1767c1310>,True,4,449.5040000000001,2.688300000000001,1,5,88.18,0.7755442816640563
220,CHEMBL1911941,COc1ccc(S(=O)(=O)N2CCOC23CCN(C(=O)Nc2ccccc2)CC3F)cc1,7.060480747381382,<rdkit.Chem.rdchem.Mol object at 0x1767c1380>,True,4,449.5040000000001,2.688300000000001,1,5,88.18,0.7755442816640563
735,CHEMBL2413368,Cc1cccc(-c2sc(C)nc2C(=O)N2CCC2CNC(=O)c2cccc3c2OCCN3C)c1,7.886056647693163,<rdkit.Chem.rdchem.Mol object at 0x1767c3530>,True,5,476.60200000000026,3.9000400000000033,1,6,74.77,0.6046368748345047
745,CHEMBL3113771,COc1cccc(OC)c1C1CC(C)C(=O)N1Cc1ccc2sc(C)nc2c1,6.913640169325252,<rdkit.Chem.rdchem.Mol object at 0x1767c3680>,True,5,396.5120000000001,4.731620000000005,0,5,51.660000000000004,0.6255002199360781
751,CHEMBL3113765,COc1cccc(OC)c1[C@H]1C[C@H](C)C(=O)N1Cc1ccc(OC(F)(F)F)cc1,6.924453038607469,<rdkit.Chem.rdchem.Mol object at 0x1767c37d0>,True,6,409.40400000000005,4.712100000000004,0,4,48.0,0.6932980553678632
752,CHEMBL3113764,COc1cccc(OC)c1[C@@H]1C[C@H](C)C(=O)N1Cc1ccc(OC(F)(F)F)cc1,6.892790030352131,<rdkit.Chem.rdchem.Mol object at 0x1767c3840>,True,6,409.40400000000005,4.712100000000004,0,4,48.0,0.6932980553678632
753,CHEMBL3113763,COc1cccc(OC)c1C1CC(C)C(=O)N1Cc1ccc(OC(F)(F)F)cc1,6.876148359032914,<rdkit.Chem.rdchem.Mol object at 0x1767c38b0>,True,6,409.40400000000005,4.712100000000004,0,4,48.0,0.6932980553678632
760,CHEMBL3113756,COc1cccc(OC)c1C1COCC(=O)N1Cc1ccc(OC(F)(F)F)cc1,7.0655015487564325,<rdkit.Chem.rdchem.Mol object at 0x1767c3990>,True,6,411.37600000000003,3.7025000000000023,0,5,57.230000000000004,0.7256511050467545
763,CHEMBL3113753,COc1ccnc(OC)c1C1CCCC(=O)N1Cc1csc(-c2ccccc2)n1,8.221848749616356,<rdkit.Chem.rdchem.Mol object at 0x1767c3ae0>,True,6,409.511,4.476100000000003,0,6,64.55000000000001,0.6007390428246018
766,CHEMBL3113750,COc1cccc(OC)c1C1CCCC(=O)N1Cc1ccnc(-n2cccn2)c1,7.096910013008056,<rdkit.Chem.rdchem.Mol object at 0x1767c3c30>,True,6,392.459,3.538300000000002,0,5,69.48,0.6417826290112842
767,CHEMBL3113749,COc1cccc(OC)c1C1CCCC(=O)N1Cc1ccnc(-c2nccs2)c1,8.045757490560675,<rdkit.Chem.rdchem.Mol object at 0x1767c3ca0>,True,6,409.511,4.476100000000004,0,6,64.55000000000001,0.6007390428246018
768,CHEMBL3113748,COc1cccc(OC)c1C1CCCC(=O)N1Cc1cccc(-c2ncccn2)c1,7.552841968657781,<rdkit.Chem.rdchem.Mol object at 0x1767c3d10>,True,6,403.482,4.414600000000004,0,5,64.55000000000001,0.6098008774994889
769,CHEMBL3113747,COc1cccc(OC)c1C1CCCC(=O)N1Cc1cccc(-n2nccn2)c1,7.721246399047171,<rdkit.Chem.rdchem.Mol object at 0x1767c3d80>,True,6,392.459,3.538300000000002,0,5,69.48,0.6417826290112842
775,CHEMBL3113741,COc1cccc(OC)c1C1CCCC(=O)N1Cc1ccc2sc(C)nc2c1,7.920818753952375,<rdkit.Chem.rdchem.Mol object at 0x17679c0b0>,True,5,396.51200000000006,4.875720000000005,0,5,51.660000000000004,0.6169963282375049
777,CHEMBL3113739,COc1cccc(OC)c1C1CCCC(=O)N1Cc1cnc2ccccc2c1,6.663540266151471,<rdkit.Chem.rdchem.Mol object at 0x17679c120>,True,5,376.456,4.505800000000004,0,4,51.660000000000004,0.6575839801074872
787,CHEMBL3113546,CCCOc1ccc(CN2C(=O)CCCC2c2c(OC)cccc2OC)cc1,7.455931955649724,<rdkit.Chem.rdchem.Mol object at 0x17679c3c0>,True,8,383.48800000000006,4.746400000000005,0,4,48.0,0.6601796684486662
788,CHEMBL3113545,COc1cccc(OC)c1C1CCCC(=O)N1Cc1cccc(OC(F)(F)F)c1,7.026872146400302,<rdkit.Chem.rdchem.Mol object at 0x17679c430>,True,6,409.404,4.856200000000005,0,4,48.0,0.6840293875688904
794,CHEMBL3113540,COc1cc(OC)c(C2CCCC(=O)N2Cc2ccc(OC(F)(F)F)cc2)c(OC)c1,6.97469413473523,<rdkit.Chem.rdchem.Mol object at 0x17679c510>,True,7,439.43000000000006,4.864800000000004,0,5,57.230000000000004,0.6165434644237054
797,CHEMBL3113537,COc1cccc(F)c1C1CCCC(=O)N1Cc1ccc(OC(F)(F)F)cc1,6.79317412396815,<rdkit.Chem.rdchem.Mol object at 0x17679c5f0>,True,5,397.368,4.9867000000000035,0,3,38.769999999999996,0.6677951520984646
802,CHEMBL3113774,COc1cccc(OC)c1C1CCCC(=O)N1Cc1ccc(OC(F)(F)F)cc1,7.6020599913279625,<rdkit.Chem.rdchem.Mol object at 0x17679c7b0>,True,6,409.404,4.856200000000005,0,4,48.0,0.6840293875688904
803,CHEMBL3113773,COc1cccc(OC)c1C1CCC(=O)N1Cc1ccc(OC(F)(F)F)cc1,6.801342913045577,<rdkit.Chem.rdchem.Mol object at 0x17679c820>,True,6,395.377,4.4661000000000035,0,4,48.0,0.724407367822649
804,CHEMBL3113772,COc1cccc(OC)c1C1SCC(=O)N1Cc1ccc(OC(F)(F)F)cc1,7.795880017344075,<rdkit.Chem.rdchem.Mol object at 0x17679c890>,True,6,413.41700000000003,4.376600000000003,0,5,48.0,0.7036864932403264
805,CHEMBL3235249,Cc1ccc(-n2nccn2)c(C(=O)N2C[C@H](COc3ccc(F)cn3)CC[C@H]2C)c1,7.823908740944319,<rdkit.Chem.rdchem.Mol object at 0x17679c900>,True,5,409.46500000000015,3.429520000000003,0,5,73.14,0.6455684236765582
806,CHEMBL3235250,Cc1ccc(-n2nccn2)c(C(=O)N2C[C@H](CCc3ccc(F)cn3)CC[C@H]2C)c1,6.838631997765025,<rdkit.Chem.rdchem.Mol object at 0x17679c970>,True,5,407.4930000000001,3.9833200000000035,0,4,63.910000000000004,0.6417047090058227
807,CHEMBL3235251,Cc1ccc(-n2nccn2)c(C(=O)N2C[C@H](/C=C/c3ccc(F)cn3)CC[C@H]2C)c1,7.468521082957745,<rdkit.Chem.rdchem.Mol object at 0x17679c9e0>,True,4,405.47700000000015,4.063920000000003,0,4,63.910000000000004,0.6565692954144894
809,CHEMBL3235253,Cc1ccc(-n2nccn2)c(C(=O)N2C[C@H](C#Cc3ccc(F)cn3)CC[C@H]2C)c1,7.619788758288394,<rdkit.Chem.rdchem.Mol object at 0x17679ca50>,True,2,403.4610000000001,3.4022200000000025,0,4,63.910000000000004,0.6154725240213429
810,CHEMBL3235254,Cc1ccc(-n2nccn2)c(C(=O)N2C[C@H](C#Cc3ccccn3)CC[C@H]2C)c1,7.376750709602099,<rdkit.Chem.rdchem.Mol object at 0x17679cac0>,True,2,385.4710000000001,3.2631200000000016,0,4,63.910000000000004,0.6353876859290817
811,CHEMBL3235255,Cc1ccc(-n2nccn2)c(C(=O)N2C[C@H](C#Cc3cccnc3)CC[C@H]2C)c1,7.552841968657781,<rdkit.Chem.rdchem.Mol object at 0x17679cb30>,True,2,385.4710000000001,3.2631200000000016,0,4,63.910000000000004,0.6353876859290817
814,CHEMBL3235258,Cc1ccc(-n2nccn2)c(C(=O)N2C[C@H](C#Cc3cnccc3O)CC[C@H]2C)c1,7.2839966563652006,<rdkit.Chem.rdchem.Mol object at 0x17679cba0>,True,2,401.47000000000014,2.968720000000001,1,5,84.14,0.6676556662660678
816,CHEMBL3235260,Cc1ccc(-n2nccn2)c(C(=O)N2C[C@H](C#Cc3cccc(CO)n3)CC[C@H]2C)c1,7.585026652029182,<rdkit.Chem.rdchem.Mol object at 0x17679cc10>,True,3,415.4970000000002,2.755420000000001,1,5,84.14,0.6652537682254195
820,CHEMBL3235264,Cc1ccc(-n2nccn2)c(C(=O)N2C[C@H](C#Cc3ccnc(CO)c3)CC[C@H]2C)c1,7.0,<rdkit.Chem.rdchem.Mol object at 0x17679cc80>,True,3,415.4970000000002,2.755420000000001,1,5,84.14,0.6652537682254195
821,CHEMBL3235265,Cc1ccc(-n2nccn2)c(C(=O)N2C[C@H](C#Cc3cccc(CO)c3)CC[C@H]2C)c1,8.200659450546418,<rdkit.Chem.rdchem.Mol object at 0x17679ccf0>,True,3,414.5090000000002,3.360420000000002,1,4,71.25,0.6674095206952331
853,CHEMBL3338862,COc1ccc(CNC(=O)c2cc(-c3cncc(C)c3)ncc2N2CCCC2)nc1OC,7.431798275933005,<rdkit.Chem.rdchem.Mol object at 0x17679d850>,True,7,433.5120000000003,3.394420000000002,1,7,89.47,0.6107917863617038
854,CHEMBL3338863,COc1ccc(CNC(=O)c2cc(-c3cncc(C)c3)ncc2N2CCC2)nc1OC,7.080921907623926,<rdkit.Chem.rdchem.Mol object at 0x17679d8c0>,True,7,419.48500000000024,3.0043200000000017,1,7,89.47,0.6296028983462916
858,CHEMBL2107822,Cc1ccc(-c2ncccn2)c(C(=O)N2C[C@H](COc3ccc(F)cn3)CC[C@H]2C)c1,7.769551078621726,<rdkit.Chem.rdchem.Mol object at 0x17679da80>,True,5,420.48800000000017,4.305820000000003,0,5,68.21000000000001,0.6154304804154628
859,CHEMBL3409851,COc1cccc(OC)c1[C@@H]1C[C@@H](C)C(=O)N1Cc1ccc(OC(F)(F)F)cc1,6.924453038607469,<rdkit.Chem.rdchem.Mol object at 0x17679daf0>,True,6,409.40400000000005,4.712100000000004,0,4,48.0,0.6932980553678632
863,CHEMBL3409853,COc1cccc(OC)c1[C@@H]1C[C@H](Cl)C(=O)N1Cc1ccc(OC(F)(F)F)cc1,7.3872161432802645,<rdkit.Chem.rdchem.Mol object at 0x17679db60>,True,6,429.8220000000001,4.683400000000003,0,4,48.0,0.6253262822650465
865,CHEMBL3409855,COc1cccc(OC)c1[C@@H]1C[C@H](F)C(=O)N1Cc1ccc(OC(F)(F)F)cc1,7.721246399047171,<rdkit.Chem.rdchem.Mol object at 0x17679dbd0>,True,6,413.367,4.414100000000004,0,4,48.0,0.6584664996854784
866,CHEMBL3409856,COc1cccc(OC)c1[C@@H]1C[C@@H](F)C(=O)N1Cc1ccc(OC(F)(F)F)cc1,6.616184634019569,<rdkit.Chem.rdchem.Mol object at 0x17679dc40>,True,6,413.367,4.414100000000004,0,4,48.0,0.6584664996854784
867,CHEMBL3409857,COc1cccc(OC)c1C1CC(F)(F)C(=O)N1Cc1ccc(OC(F)(F)F)cc1,6.876148359032914,<rdkit.Chem.rdchem.Mol object at 0x17679dcb0>,True,6,431.3570000000001,4.711300000000003,0,4,48.0,0.6219336801254248
869,CHEMBL3409859,COc1cccc(OC)c1[C@@H]1C[C@@H](O)C(=O)N1Cc1ccc(OC(F)(F)F)cc1,7.229147988357855,<rdkit.Chem.rdchem.Mol object at 0x17679dd20>,True,6,411.37600000000003,3.4369000000000023,1,5,68.23,0.7889452505986415
870,CHEMBL3409860,COc1cccc(OC)c1[C@@H]1C[C@H](OC)C(=O)N1Cc1ccc(OC(F)(F)F)cc1,6.774690718274137,<rdkit.Chem.rdchem.Mol object at 0x17679dd90>,True,7,425.4030000000001,4.091000000000003,0,5,57.230000000000004,0.6689539466242059
889,CHEMBL3426155,C[C@@H]1CC[C@@H](Oc2cc(C#N)ccn2)CN1C(=O)c1ccccc1CC(F)(F)F,7.494850021680094,<rdkit.Chem.rdchem.Mol object at 0x17679e1f0>,True,4,403.40400000000005,4.130180000000004,0,4,66.22,0.7700056046128405
896,CHEMBL3426147,C[C@@H]1CC[C@@H](Oc2cc(N(C)C)ccn2)CN1C(=O)c1ccccc1-n1nccn1,6.886056647693163,<rdkit.Chem.rdchem.Mol object at 0x17679e500>,True,5,406.49000000000007,2.8004000000000016,0,6,76.38,0.6485506204882407
898,CHEMBL3426145,CSc1ccnc(O[C@@H]2CC[C@@H](C)N(C(=O)c3ccccc3-n3nccn3)C2)c1,8.173925197299173,<rdkit.Chem.rdchem.Mol object at 0x17679e5e0>,True,5,409.51500000000004,3.4563000000000015,0,6,73.14,0.6011278771191744
899,CHEMBL3426144,COc1ccnc(O[C@@H]2CC[C@@H](C)N(C(=O)c3ccccc3-n3nccn3)C2)c1,7.886056647693163,<rdkit.Chem.rdchem.Mol object at 0x17679e650>,True,5,393.44700000000006,2.743000000000001,0,6,82.37,0.6629174969362809
901,CHEMBL3426142,C[C@@H]1CC[C@@H](Oc2cc(Br)ccn2)CN1C(=O)c1ccccc1-n1nccn1,8.0,<rdkit.Chem.rdchem.Mol object at 0x17679e730>,True,4,442.3170000000001,3.496900000000001,0,5,73.14,0.618715716161719
902,CHEMBL3426141,C[C@@H]1CC[C@@H](Oc2cc(Cl)ccn2)CN1C(=O)c1ccccc1-n1nccn1,7.958607314841775,<rdkit.Chem.rdchem.Mol object at 0x17679e7a0>,True,4,397.86600000000004,3.387800000000002,0,5,73.14,0.6742817885472192
903,CHEMBL3426140,C[C@@H]1CC[C@@H](Oc2cc(F)ccn2)CN1C(=O)c1ccccc1-n1nccn1,7.468521082957745,<rdkit.Chem.rdchem.Mol object at 0x17679e810>,True,4,381.411,2.873500000000001,0,5,73.14,0.6948391165257151
907,CHEMBL3426136,C#Cc1ccnc(O[C@@H]2CC[C@@H](C)N(C(=O)c3ccccc3-n3nccn3)C2)c1,8.0,<rdkit.Chem.rdchem.Mol object at 0x17679e9d0>,True,4,387.44300000000004,2.715700000000001,0,5,73.14,0.6438322345982667
908,CHEMBL3426135,C[C@@H]1CC[C@@H](Oc2cc(C(F)(F)F)ccn2)CN1C(=O)c1ccccc1-n1nccn1,7.7447274948966935,<rdkit.Chem.rdchem.Mol object at 0x17679ea40>,True,4,431.41800000000006,3.7532000000000014,0,5,73.14,0.6291762091258662
909,CHEMBL3426134,CCc1ccnc(O[C@@H]2CC[C@@H](C)N(C(=O)c3ccccc3-n3nccn3)C2)c1,7.958607314841775,<rdkit.Chem.rdchem.Mol object at 0x17679eab0>,True,5,391.4750000000001,3.296800000000002,0,5,73.14,0.6672301218215316
912,CHEMBL3426131,Cc1ccnc(O[C@@H]2CC[C@@H](C)N(C(=O)c3ccccc3-n3nccn3)C2)c1,7.795880017344075,<rdkit.Chem.rdchem.Mol object at 0x17679eb20>,True,4,377.4480000000001,3.0428200000000016,0,5,73.14,0.6986959573495439
913,CHEMBL3426130,Cc1ccc(O[C@@H]2CC[C@@H](C)N(C(=O)c3ccccc3-n3nccn3)C2)nc1,8.045757490560675,<rdkit.Chem.rdchem.Mol object at 0x17679eb90>,True,4,377.4480000000001,3.0428200000000016,0,5,73.14,0.6986959573495439
914,CHEMBL3426129,Cc1cccc(O[C@@H]2CC[C@@H](C)N(C(=O)c3ccccc3-n3nccn3)C2)n1,7.481486060122112,<rdkit.Chem.rdchem.Mol object at 0x17679ec00>,True,4,377.4480000000001,3.0428200000000007,0,5,73.14,0.6986959573495439
915,CHEMBL3426154,C[C@@H]1CC[C@@H](Oc2cc(C#N)ccn2)CN1C(=O)c1ccccc1OC(F)F,7.431798275933005,<rdkit.Chem.rdchem.Mol object at 0x17679ec70>,True,5,387.386,3.626780000000003,0,5,75.45,0.7832135894024411
916,CHEMBL3597962,C[C@@H]1CC[C@@H](Oc2cc(C(F)(F)F)ccn2)CN1C(=O)c1ccccc1-n1ncnn1,8.0,<rdkit.Chem.rdchem.Mol object at 0x17679ece0>,True,4,432.40600000000006,3.148200000000001,0,6,86.03,0.6297278501233388
919,CHEMBL3597959,Cc1sc([C@@H]2CC[C@@H](C)N(C(=O)c3ccccc3-n3nccn3)C2)nc1C(C)(C)O,7.853871964321762,<rdkit.Chem.rdchem.Mol object at 0x17679ee30>,True,4,425.55800000000016,3.667920000000002,1,6,84.14,0.6894857375245435
920,CHEMBL3597958,C[C@@H]1CC[C@@H](c2csc(C(C)(C)O)n2)CN1C(=O)c1cscc1-n1nccn1,7.853871964321762,<rdkit.Chem.rdchem.Mol object at 0x17679eea0>,True,4,417.56000000000006,3.421000000000002,1,7,84.14,0.7031171885740999
926,CHEMBL3597952,COc1ccc(S(=O)(=O)N2CCC[C@H]2C(=O)Nc2cc(C)cc(C)c2)cc1,7.958607314841775,<rdkit.Chem.rdchem.Mol object at 0x17679f0d0>,True,5,388.4890000000001,3.1038400000000017,1,4,75.71000000000001,0.8539609074782488
930,CHEMBL3622325,Cc1ccc(-n2nccn2)c(C(=O)N2CCN(c3ncc(Cl)c(C)n3)CC[C@H]2C)c1,7.585026652029182,<rdkit.Chem.rdchem.Mol object at 0x17679f140>,True,3,425.9240000000002,3.0685400000000014,0,6,80.04,0.6411608710103253
932,CHEMBL3622327,COc1nc(N2CC[C@@H](C)N(C(=O)c3cc(C)ccc3-n3nccn3)CC2)ncc1C,7.42021640338319,<rdkit.Chem.rdchem.Mol object at 0x17679f220>,True,4,421.50500000000017,2.4237400000000004,0,7,89.27,0.6390656028925531
937,CHEMBL3622332,Cc1nc(N2CC[C@@H](C)N(C(=O)c3ccccc3-n3nccn3)CC2)ncc1C(F)(F)F,7.568636235841013,<rdkit.Chem.rdchem.Mol object at 0x17679f450>,True,3,445.4490000000001,3.1255200000000016,0,6,80.04,0.616445649806153
945,CHEMBL3667583,COc1ccc(S(=O)(=O)N2CCC[C@H]2C(=O)Nc2ccc(F)c(F)c2)cc1,6.866461091629782,<rdkit.Chem.rdchem.Mol object at 0x17679f5a0>,True,5,396.415,2.765200000000001,1,4,75.71000000000001,0.8433672598860685
946,CHEMBL3667566,COc1ccc(S(=O)(=O)N2CCC[C@H]2C(=O)Nc2cccc(Cl)c2)cc1,7.508638306165727,<rdkit.Chem.rdchem.Mol object at 0x17679f610>,True,5,394.88,3.1404000000000014,1,4,75.71000000000001,0.8447791303107018
947,CHEMBL3667591,COc1ccc(S(=O)(=O)N2CCC[C@H]2C(=O)Nc2cc(C)cc(C)c2)cc1OC,6.995678626217358,<rdkit.Chem.rdchem.Mol object at 0x17679f680>,True,6,418.51500000000016,3.112440000000001,1,5,84.94000000000001,0.7791743097257631
948,CHEMBL3667578,COc1ccc(S(=O)(=O)N2CCC[C@H]2C(=O)Nc2ccc(F)c(Cl)c2)cc1,7.468521082957745,<rdkit.Chem.rdchem.Mol object at 0x17679f6f0>,True,5,412.87,3.2795000000000014,1,4,75.71000000000001,0.8172486930119919
949,CHEMBL3667553,CSc1cccc(NC(=O)[C@@H]2CCCN2S(=O)(=O)c2ccc3c(c2)OCCN3C)c1,7.568636235841013,<rdkit.Chem.rdchem.Mol object at 0x17679f760>,True,5,447.5820000000002,3.028900000000002,1,6,78.95,0.7101477587045977
950,CHEMBL3667605,Cc1cc(C)cc(NC(=O)[C@@H]2CCCN2S(=O)(=O)c2ccc(Br)cc2Cl)c1,6.97469413473523,<rdkit.Chem.rdchem.Mol object at 0x17679f7d0>,True,4,471.8040000000001,4.511140000000004,1,3,66.48,0.7132264939217365
951,CHEMBL3667590,Cc1cc(C)cc(NC(=O)[C@@H]2CCCN2S(=O)(=O)c2ccc3ccccc3c2)c1,7.6020599913279625,<rdkit.Chem.rdchem.Mol object at 0x17679f840>,True,4,408.5230000000001,4.248440000000003,1,3,66.48,0.7018430493617626
952,CHEMBL3667577,COc1ccc(S(=O)(=O)N2CCC[C@H]2C(=O)Nc2cc(C(F)(F)F)cc(C(F)(F)F)c2)cc1,7.167491087293763,<rdkit.Chem.rdchem.Mol object at 0x17679f8b0>,True,5,496.42900000000003,4.524600000000003,1,4,75.71000000000001,0.6179389632679264
953,CHEMBL3667559,CSc1cccc(NC(=O)[C@@H]2CCCN2S(=O)(=O)c2cccc(Br)c2)c1,8.698970004336019,<rdkit.Chem.rdchem.Mol object at 0x17679f920>,True,5,455.39900000000006,3.962800000000003,1,4,66.48,0.6935944118112847
954,CHEMBL3667602,Cc1cc(C)cc(NC(=O)[C@@H]2CCCN2S(=O)(=O)c2cc(C)c(Cl)cc2C)c1,6.767003889607846,<rdkit.Chem.rdchem.Mol object at 0x17679f990>,True,4,420.9620000000001,4.365480000000003,1,3,66.48,0.7982836886324782
955,CHEMBL3667564,COc1ccc(S(=O)(=O)N2CCC[C@H]2C(=O)Nc2cc(Cl)cc(Cl)c2)cc1,7.698970004336019,<rdkit.Chem.rdchem.Mol object at 0x17679fa00>,True,5,429.32500000000005,3.793800000000002,1,4,75.71000000000001,0.78493053705055
956,CHEMBL3667560,CSc1cccc(NC(=O)[C@@H]2CCCN2S(=O)(=O)c2ccc(C)c(Cl)c2)c1,8.522878745280337,<rdkit.Chem.rdchem.Mol object at 0x17679fa70>,True,5,424.97500000000014,4.162120000000003,1,4,66.48,0.7315242380111768
957,CHEMBL3667571,COc1ccc(S(=O)(=O)N2CCC[C@H]2C(=O)Nc2ccc(C)c(C)c2)cc1,7.5376020021010435,<rdkit.Chem.rdchem.Mol object at 0x17679fae0>,True,5,388.4890000000001,3.1038400000000017,1,4,75.71000000000001,0.8539609074782488
958,CHEMBL3667556,CSc1cccc(NC(=O)[C@@H]2CCCN2S(=O)(=O)c2ccc(C(F)(F)F)cc2)c1,7.769551078621726,<rdkit.Chem.rdchem.Mol object at 0x17679fb50>,True,5,444.50000000000006,4.219100000000004,1,4,66.48,0.7016677273065868
959,CHEMBL3667558,COc1ccc(S(=O)(=O)N2CCC[C@H]2C(=O)Nc2cccc(SC)c2)cc1OC,8.522878745280337,<rdkit.Chem.rdchem.Mol object at 0x17679fbc0>,True,7,436.5550000000001,3.217500000000002,1,6,84.94000000000001,0.6711311587611775
960,CHEMBL3667576,COc1ccc(S(=O)(=O)N2CCC[C@H]2C(=O)Nc2cc(OC)ccc2Cl)cc1,6.892790030352131,<rdkit.Chem.rdchem.Mol object at 0x17679fc30>,True,6,424.90600000000006,3.149000000000002,1,5,84.94000000000001,0.7694869379391566
961,CHEMBL3667568,COc1ccc(S(=O)(=O)N2CCC[C@H]2C(=O)Nc2cccc(C)c2)cc1,7.769551078621726,<rdkit.Chem.rdchem.Mol object at 0x17679fca0>,True,5,374.46200000000005,2.795420000000001,1,4,75.71000000000001,0.8731578394695021
962,CHEMBL3667557,CSc1cccc(NC(=O)[C@@H]2CCCN2S(=O)(=O)c2ccc(Cl)cc2)c1,8.045757490560675,<rdkit.Chem.rdchem.Mol object at 0x17679fd10>,True,5,410.9480000000001,3.8537000000000026,1,4,66.48,0.7599606252314179
963,CHEMBL3667604,Cc1cc(C)cc(NC(=O)[C@@H]2CCCN2S(=O)(=O)c2ccc(Br)cc2C)c1,7.657577319177793,<rdkit.Chem.rdchem.Mol object at 0x17679fd80>,True,4,451.3860000000001,4.166160000000003,1,3,66.48,0.7592319115020766
964,CHEMBL3667594,C=Cc1ccc(S(=O)(=O)N2CCC[C@H]2C(=O)Nc2cc(C)cc(C)c2)cc1,7.036212172654444,<rdkit.Chem.rdchem.Mol object at 0x17679fdf0>,True,5,384.5010000000001,3.738240000000003,1,3,66.48,0.8539485916606562
965,CHEMBL3667552,CCCc1ccc(S(=O)(=O)N2CCC[C@H]2C(=O)Nc2cccc(SC)c2)cc1,7.327902142064283,<rdkit.Chem.rdchem.Mol object at 0x17679fe60>,True,7,418.584,4.152800000000004,1,4,66.48,0.6860781070765412
966,CHEMBL3667589,Cc1cc(C)cc(NC(=O)[C@@H]2CCCN2S(=O)(=O)c2cccc3ccccc23)c1,7.585026652029182,<rdkit.Chem.rdchem.Mol object at 0x17679fed0>,True,4,408.5230000000001,4.248440000000003,1,3,66.48,0.7018430493617626
967,CHEMBL3667569,COc1ccc(S(=O)(=O)N2CCC[C@H]2C(=O)Nc2cccc(OC)c2)cc1,7.327902142064283,<rdkit.Chem.rdchem.Mol object at 0x17679ff40>,True,6,390.46100000000007,2.4956000000000005,1,5,84.94000000000001,0.8191672319195409
969,CHEMBL3667551,COc1cccc(S(=O)(=O)N2CCC[C@H]2C(=O)Nc2cccc(SC)c2)c1,8.096910013008056,<rdkit.Chem.rdchem.Mol object at 0x1767500b0>,True,6,406.529,3.2089000000000016,1,5,75.71000000000001,0.7457956957253417
970,CHEMBL3667554,COc1ccc(S(=O)(=O)N2CCC[C@H]2C(=O)Nc2cccc(SC)c2)cc1,8.522878745280337,<rdkit.Chem.rdchem.Mol object at 0x176750120>,True,6,406.52900000000005,3.2089000000000016,1,5,75.71000000000001,0.7457956957253418
971,CHEMBL3667581,CCc1cccc(NC(=O)[C@@H]2CCCN2S(=O)(=O)c2ccc(OC)cc2)c1,8.096910013008056,<rdkit.Chem.rdchem.Mol object at 0x176750190>,True,6,388.4890000000001,3.049400000000001,1,4,75.71000000000001,0.8252456102060947
972,CHEMBL3667567,COc1ccc(S(=O)(=O)N2CCC[C@H]2C(=O)Nc2cccc(Br)c2)cc1,7.431798275933005,<rdkit.Chem.rdchem.Mol object at 0x176750200>,True,5,439.331,3.249500000000001,1,4,75.71000000000001,0.7764251289139652
973,CHEMBL3667598,Cc1cc(C)cc(NC(=O)[C@@H]2CCCN2S(=O)(=O)c2ccc(C(F)(F)F)cc2Cl)c1,7.853871964321762,<rdkit.Chem.rdchem.Mol object at 0x176750270>,True,4,460.9050000000001,4.767440000000004,1,3,66.48,0.7144796614559258
974,CHEMBL3667599,Cc1cc(C)cc(NC(=O)[C@@H]2CCCN2S(=O)(=O)c2ccc(C)cc2Br)c1,7.086186147616283,<rdkit.Chem.rdchem.Mol object at 0x1767502e0>,True,4,451.3860000000001,4.166160000000003,1,3,66.48,0.7592319115020766
975,CHEMBL3667562,CSc1cccc(NC(=O)[C@@H]2CCCN2S(=O)(=O)c2ccc(Cl)c(Cl)c2)c1,8.698970004336019,<rdkit.Chem.rdchem.Mol object at 0x176750350>,True,5,445.39300000000014,4.507100000000004,1,4,66.48,0.6883555628830111
976,CHEMBL3667592,COc1cc(C)ccc1S(=O)(=O)N1CCC[C@H]1C(=O)Nc1cc(C)cc(C)c1,6.774690718274137,<rdkit.Chem.rdchem.Mol object at 0x1767503c0>,True,5,402.5160000000001,3.4122600000000016,1,4,75.71000000000001,0.8315580582592296
977,CHEMBL3667603,Cc1cc(C)cc(NC(=O)[C@@H]2CCCN2S(=O)(=O)c2ccc(C)cc2C)c1,6.966576244513051,<rdkit.Chem.rdchem.Mol object at 0x176750430>,True,4,386.5170000000001,3.712080000000003,1,3,66.48,0.8709745077254359
978,CHEMBL3667597,Cc1cc(C)cc(NC(=O)[C@@H]2CCCN2S(=O)(=O)c2cc(C(F)(F)F)ccc2Cl)c1,7.443697499232712,<rdkit.Chem.rdchem.Mol object at 0x1767504a0>,True,4,460.9050000000001,4.767440000000004,1,3,66.48,0.7144796614559258
979,CHEMBL3667584,COc1ccc(S(=O)(=O)N2CCC[C@H]2C(=O)Nc2ccc(F)c(C)c2)cc1,7.552841968657781,<rdkit.Chem.rdchem.Mol object at 0x176750510>,True,5,392.45200000000006,2.934520000000001,1,4,75.71000000000001,0.8489425087507376
980,CHEMBL3667582,COc1ccc(S(=O)(=O)N2CCC[C@H]2C(=O)Nc2cc(Cl)ccc2OC)cc1,6.679853713888946,<rdkit.Chem.rdchem.Mol object at 0x176750580>,True,6,424.90600000000006,3.149000000000002,1,5,84.94000000000001,0.7694869379391566
981,CHEMBL3667580,COc1ccc(S(=O)(=O)N2CCC[C@H]2C(=O)Nc2ccc3c(c2)CCC3)cc1,7.920818753952375,<rdkit.Chem.rdchem.Mol object at 0x1767505f0>,True,5,400.50000000000017,2.9757000000000016,1,4,75.71000000000001,0.8372476948852408
982,CHEMBL3667563,O=C(Nc1ccccc1)[C@@H]1CCCN1S(=O)(=O)c1ccc(Br)s1,6.785156151952302,<rdkit.Chem.rdchem.Mol object at 0x176750660>,True,4,415.334,3.3024000000000022,1,4,66.48,0.8335592714305441
983,CHEMBL3667575,COc1ccc(S(=O)(=O)N2CCC[C@H]2C(=O)Nc2cc(C)ccc2Cl)cc1,6.649751981665837,<rdkit.Chem.rdchem.Mol object at 0x1767506d0>,True,5,408.90700000000004,3.448820000000002,1,4,75.71000000000001,0.8216400955692293
984,CHEMBL3667572,COc1ccc(S(=O)(=O)N2CCC[C@H]2C(=O)Nc2cccc3ccccc23)cc1,6.767003889607846,<rdkit.Chem.rdchem.Mol object at 0x176750740>,True,5,410.49500000000006,3.640200000000002,1,4,75.71000000000001,0.6968081446979375
985,CHEMBL3667586,COc1ccc(S(=O)(=O)N2CCC[C@H]2C(=O)Nc2ccc(Cl)c(C)c2)cc1,7.7447274948966935,<rdkit.Chem.rdchem.Mol object at 0x1767507b0>,True,5,408.90700000000004,3.448820000000002,1,4,75.71000000000001,0.8216400955692293
986,CHEMBL3667550,O=C(Nc1cccc(OC(F)(F)F)c1)[C@@H]1CCCN1S(=O)(=O)c1ccc(Br)s1,6.982966660701219,<rdkit.Chem.rdchem.Mol object at 0x176750820>,True,5,499.3300000000001,4.201000000000002,1,5,75.71000000000001,0.6695626349176573
989,CHEMBL3667570,COc1ccc(S(=O)(=O)N2CCC[C@H]2C(=O)Nc2cccc(N(C)C)c2)cc1,7.721246399047171,<rdkit.Chem.rdchem.Mol object at 0x176750900>,True,6,403.5040000000001,2.553000000000001,1,5,78.95,0.8019655236473269
990,CHEMBL3667587,COc1ccc(S(=O)(=O)N2CCC[C@H]2C(=O)Nc2ccc(Cl)c(Cl)c2)cc1,7.236572006437063,<rdkit.Chem.rdchem.Mol object at 0x176750970>,True,5,429.32500000000005,3.793800000000002,1,4,75.71000000000001,0.78493053705055
991,CHEMBL3667593,Cc1cc(C)cc(NC(=O)[C@@H]2CCCN2S(=O)(=O)c2ccc(Cl)cc2)c1,7.494850021680094,<rdkit.Chem.rdchem.Mol object at 0x1767509e0>,True,4,392.908,3.7486400000000026,1,3,66.48,0.8611661676408509
992,CHEMBL3667600,Cc1cc(C)cc(NC(=O)[C@@H]2CCCN2S(=O)(=O)c2ccc(Cl)c(C(F)(F)F)c2)c1,7.721246399047171,<rdkit.Chem.rdchem.Mol object at 0x176750a50>,True,4,460.90500000000003,4.767440000000004,1,3,66.48,0.7144796614559261
993,CHEMBL3667561,CSc1cccc(NC(=O)[C@@H]2CCCN2S(=O)(=O)c2ccc(Br)cc2)c1,8.0,<rdkit.Chem.rdchem.Mol object at 0x176750ac0>,True,5,455.39900000000006,3.962800000000003,1,4,66.48,0.6935944118112847
994,CHEMBL3667549,CSc1cccc(NC(=O)[C@@H]2CCCN2S(=O)(=O)c2ccc(Br)s2)c1,8.0,<rdkit.Chem.rdchem.Mol object at 0x176750b30>,True,5,461.42800000000005,4.024300000000003,1,5,66.48,0.6834620709976575
996,CHEMBL3667585,COc1ccc(S(=O)(=O)N2CCC[C@H]2C(=O)Nc2cc(C)ccc2F)cc1,7.585026652029182,<rdkit.Chem.rdchem.Mol object at 0x176750ba0>,True,5,392.45200000000006,2.934520000000001,1,4,75.71000000000001,0.8489425087507376
998,CHEMBL3667555,CSc1cccc(NC(=O)[C@@H]2CCCN2S(=O)(=O)c2cccc(Cl)c2)c1,8.698970004336019,<rdkit.Chem.rdchem.Mol object at 0x176750c80>,True,5,410.9480000000001,3.8537000000000026,1,4,66.48,0.7599606252314179
999,CHEMBL3667588,Cc1cc(C)cc(NC(=O)[C@@H]2CCCN2S(=O)(=O)c2ccc(Br)cc2)c1,7.309803919971486,<rdkit.Chem.rdchem.Mol object at 0x176750cf0>,True,4,437.35900000000004,3.8577400000000024,1,3,66.48,0.7903047296738077
1000,CHEMBL3667579,CCOc1cccc(NC(=O)[C@@H]2CCCN2S(=O)(=O)c2ccc(OC)cc2)c1,7.42021640338319,<rdkit.Chem.rdchem.Mol object at 0x176750d60>,True,7,404.4880000000001,2.885700000000001,1,5,84.94000000000001,0.7670288070696821
1001,CHEMBL3667601,Cc1cc(C)cc(NC(=O)[C@@H]2CCCN2S(=O)(=O)c2ccc(Cl)c(Cl)c2)c1,6.801342913045577,<rdkit.Chem.rdchem.Mol object at 0x176750dd0>,True,4,427.35300000000007,4.402040000000003,1,3,66.48,0.786679254793415
1002,CHEMBL3667595,COc1ccc(C)cc1S(=O)(=O)N1CCC[C@H]1C(=O)Nc1cc(C)cc(C)c1,8.397940008672037,<rdkit.Chem.rdchem.Mol object at 0x176750e40>,True,5,402.5160000000001,3.4122600000000016,1,4,75.71000000000001,0.8315580582592296
1003,CHEMBL3667565,COc1ccc(S(=O)(=O)N2CCC[C@H]2C(=O)Nc2cccc(C(F)(F)F)c2)cc1,8.045757490560675,<rdkit.Chem.rdchem.Mol object at 0x176750eb0>,True,5,428.432,3.5058000000000016,1,4,75.71000000000001,0.7910319370930637
1007,CHEMBL3742089,COc1ccc(CC2CCCCN2C(=O)c2cc(C)ccc2-n2nccn2)cc1OC,8.481486060122112,<rdkit.Chem.rdchem.Mol object at 0x176751000>,True,6,420.5130000000001,3.830320000000003,0,5,69.48,0.606204156609485
1009,CHEMBL3740505,COc1cccc(CCC2CCCCN2C(=O)c2cc(C)ccc2-n2nccn2)c1,6.614393726401688,<rdkit.Chem.rdchem.Mol object at 0x1767510e0>,True,6,404.51400000000007,4.211820000000004,0,4,60.25,0.6174207348819986
1010,CHEMBL3740506,COc1ccc(C[C@@H]2CCCN2C(=O)c2cc(C)ccc2-n2nccn2)cc1OC,8.075720713938118,<rdkit.Chem.rdchem.Mol object at 0x176751150>,True,6,406.4860000000001,3.440220000000002,0,5,69.48,0.6272330892666426
1011,CHEMBL3739682,COc1ccc(C[C@@H]2CCCN2C(=O)c2ccccc2-n2nccn2)cc1OC,8.455931955649724,<rdkit.Chem.rdchem.Mol object at 0x1767511c0>,True,6,392.4590000000001,3.131800000000002,0,5,69.48,0.644639682929193
1012,CHEMBL3740565,COc1ccc(C[C@@H]2CCCN2C(=O)c2cc(C)ccc2-n2cccn2)cc1OC,7.187086643357144,<rdkit.Chem.rdchem.Mol object at 0x176751230>,True,6,405.4980000000001,4.045220000000003,0,4,56.59,0.6209739596062732
1013,CHEMBL3741003,COc1ccc(C[C@@H]2CCCN2C(=O)c2ccccc2-c2ncccn2)cc1OC,8.327902142064282,<rdkit.Chem.rdchem.Mol object at 0x1767512a0>,True,6,403.48200000000014,4.008100000000003,0,5,64.55,0.6222774787176779
1014,CHEMBL3740670,COc1ccc(C[C@@H]2CCCN2C(=O)c2nc(C)ccc2-c2ncccn2)cc1OC,7.1487416512809245,<rdkit.Chem.rdchem.Mol object at 0x176751310>,True,6,418.4970000000001,3.711520000000003,0,6,77.44000000000001,0.6073270236784343
1017,CHEMBL3739613,COc1ccc(C[C@@H]2CCCN2C(=O)c2ccccc2-c2nc(C)no2)cc1OC,7.920818753952375,<rdkit.Chem.rdchem.Mol object at 0x176751460>,True,6,407.4700000000002,3.909520000000003,0,6,77.69000000000001,0.6165532900543553
1035,CHEMBL3586412,COc1cccc(OC)c1C(=O)N1CCCN(c2nc3ccc(Cl)cc3s2)CC1,7.008773924307505,<rdkit.Chem.rdchem.Mol object at 0x176751bd0>,True,4,431.9450000000001,4.3194000000000035,0,6,54.900000000000006,0.6153749355610167
1052,CHEMBL4107152,Cc1ccc(-n2nccn2)c(C(=O)N2C[C@H](Oc3ncccc3C)CC[C@H]2C)c1,7.494850021680094,<rdkit.Chem.rdchem.Mol object at 0x176751cb0>,True,4,391.47500000000014,3.3512400000000024,0,5,73.14,0.6819023716822907
1053,CHEMBL4113530,Cc1ccc(-n2nccn2)c(C(=O)N2C[C@H](Oc3cccc(C)n3)CC[C@H]2C)c1,7.327902142064283,<rdkit.Chem.rdchem.Mol object at 0x176751d20>,True,4,391.47500000000014,3.3512400000000024,0,5,73.14,0.6819023716822907
1410,CHEMBL3952014,COc1cccc(OC)c1[C@H]1CCCC(=O)N1Cc1ccc2ccccc2n1,7.3872161432802645,<rdkit.Chem.rdchem.Mol object at 0x176753b50>,True,5,376.456,4.505800000000003,0,4,51.660000000000004,0.6575839801074872
1413,CHEMBL3927724,COc1cccc(OC)c1C1CCCC(=O)N1Cc1cnc(OC(F)F)c(Cl)c1,7.42021640338319,<rdkit.Chem.rdchem.Mol object at 0x176753bc0>,True,7,426.847,4.607400000000005,0,5,60.89,0.6467890117735231
1421,CHEMBL3920668,COc1cccc(OC)c1C1CCCC(=O)N1Cc1cccc(N2CCCCC2)c1,7.337242168318426,<rdkit.Chem.rdchem.Mol object at 0x176753d80>,True,6,408.5420000000002,4.947900000000004,0,4,42.010000000000005,0.6783644932288895
1427,CHEMBL3933036,COc1cccc(OC)c1C1CCCC(=O)N1Cc1cccc(-n2cccn2)c1,7.585026652029182,<rdkit.Chem.rdchem.Mol object at 0x176753f40>,True,6,391.471,4.1433000000000035,0,4,56.59,0.6336105999301613
1432,CHEMBL3913300,COc1cccc(OC)c1C1CCCC(=O)N1Cc1cccc(N2CCCC2)c1,7.508638306165727,<rdkit.Chem.rdchem.Mol object at 0x1767800b0>,True,6,394.51500000000016,4.557800000000004,0,4,42.010000000000005,0.7204080693245513
1434,CHEMBL3964578,COc1cccc(OC)c1C1CCCC(=O)N1Cc1cnn(-c2ccccc2)c1,6.939302159646388,<rdkit.Chem.rdchem.Mol object at 0x176780120>,True,6,391.471,4.1433000000000035,0,4,56.59,0.6336105999301613
1435,CHEMBL3975171,COc1cccc(OC)c1C1CCCC(=O)N1Cc1cccc(-n2ccnc2)c1,6.7423214251308154,<rdkit.Chem.rdchem.Mol object at 0x176780190>,True,6,391.471,4.1433000000000035,0,4,56.59,0.6336105999301613
1436,CHEMBL3891082,COc1cccc(OC)c1C1CCCC(=O)N1Cc1cccc(N2CCCCC2)n1,7.958607314841775,<rdkit.Chem.rdchem.Mol object at 0x176780200>,True,6,409.5300000000002,4.342900000000004,0,5,54.900000000000006,0.7102602877080973
1441,CHEMBL3891471,COc1cccc(OC)c1C1CCCC(=O)N1Cc1cccc(-c2noc(C)n2)c1,7.301029995663981,<rdkit.Chem.rdchem.Mol object at 0x1767802e0>,True,6,407.4700000000001,4.3160200000000035,0,6,77.69000000000001,0.6057248636627495
1446,CHEMBL3940457,COc1cccc(OC)c1C1CCCC(=O)N1Cc1cccc(-c2ccccn2)n1,7.060480747381382,<rdkit.Chem.rdchem.Mol object at 0x1767803c0>,True,6,403.482,4.414600000000004,0,5,64.55000000000001,0.6098008774994889
1447,CHEMBL3917893,COc1cccc(OC)c1C1CCCC(=O)N1Cc1cccc(-c2nccs2)n1,6.8326826652518236,<rdkit.Chem.rdchem.Mol object at 0x176780430>,True,6,409.511,4.476100000000004,0,6,64.55000000000001,0.6007390428246018
1454,CHEMBL3897703,COc1cccc(OC)c1C1CCCC(=O)N1Cc1cccc(-n2ccnn2)c1,6.621602099051862,<rdkit.Chem.rdchem.Mol object at 0x176780660>,True,6,392.459,3.538300000000002,0,5,69.48,0.6417826290112842
1455,CHEMBL3925796,COc1cccc(OC)c1C1CCCC(=O)N1Cc1ccc2nc(C)sc2c1,6.782516055786093,<rdkit.Chem.rdchem.Mol object at 0x1767806d0>,True,5,396.51200000000006,4.875720000000005,0,5,51.660000000000004,0.6169963282375049
1458,CHEMBL3912213,COc1cccc(OC)c1C1CCCC(=O)N1Cc1ccnc(-c2ccccn2)c1,6.924453038607469,<rdkit.Chem.rdchem.Mol object at 0x1767807b0>,True,6,403.482,4.414600000000004,0,5,64.55000000000001,0.6098008774994889
1459,CHEMBL3940216,COc1cccc(OC)c1C1CCCC(=O)N1Cc1cccc(-n2cccn2)n1,6.671620396561262,<rdkit.Chem.rdchem.Mol object at 0x176780820>,True,6,392.459,3.538300000000002,0,5,69.48,0.6417826290112842
1461,CHEMBL3985696,COc1ccnc(OC)c1C1CCCC(=O)N1Cc1cccc(-c2nccs2)c1,7.657577319177793,<rdkit.Chem.rdchem.Mol object at 0x176780890>,True,6,409.511,4.476100000000004,0,6,64.55000000000001,0.6007390428246018
1463,CHEMBL3910868,COc1ccnc(OC)c1C1CCCC(=O)N1Cc1cccc(-c2ccccn2)c1,7.022276394711152,<rdkit.Chem.rdchem.Mol object at 0x176780970>,True,6,403.482,4.414600000000004,0,5,64.55000000000001,0.6098008774994889
1469,CHEMBL3925275,COc1cncc(OC)c1C1CCCC(=O)N1Cc1cccc(-c2nccs2)c1,7.585026652029182,<rdkit.Chem.rdchem.Mol object at 0x176780ac0>,True,6,409.511,4.476100000000004,0,6,64.55000000000001,0.6007390428246018
1471,CHEMBL3962237,COc1cncc(OC)c1C1CCCC(=O)N1Cc1cccc(-c2ccccn2)c1,7.045757490560675,<rdkit.Chem.rdchem.Mol object at 0x176780ba0>,True,6,403.482,4.414600000000004,0,5,64.55000000000001,0.6098008774994889
1472,CHEMBL3913461,COc1cncc(OC)c1C1CCCC(=O)N1Cc1csc(-c2ccccc2)n1,6.609064892896621,<rdkit.Chem.rdchem.Mol object at 0x176780c10>,True,6,409.511,4.476100000000003,0,6,64.55000000000001,0.6007390428246018
1475,CHEMBL3946040,COc1cncc(OC)c1C1CCCC(=O)N1Cc1cccc(-n2nccn2)c1,6.806875401645538,<rdkit.Chem.rdchem.Mol object at 0x176780cf0>,True,6,393.447,2.933300000000001,0,6,82.37,0.640406179329845
1477,CHEMBL3900745,COc1cccc(OC)c1C1CCCC(=O)N1Cc1cnc(OC(F)F)c(C)c1,7.113509274827518,<rdkit.Chem.rdchem.Mol object at 0x176780dd0>,True,7,406.42900000000003,4.262420000000003,0,5,60.89,0.6875731087883143
1487,CHEMBL3965481,COc1cccc(OC)c1C1CCCCC(=O)N1Cc1ccc2ccccc2n1,7.086186147616283,<rdkit.Chem.rdchem.Mol object at 0x1767810e0>,True,5,390.48300000000006,4.895900000000005,0,4,51.660000000000004,0.6219964594101058
1497,CHEMBL3980334,COc1cccc(OC)c1C1CCCCC(=O)N1Cc1cnc(OC(F)F)c(Cl)c1,7.070581074285707,<rdkit.Chem.rdchem.Mol object at 0x1767814d0>,True,7,440.874,4.997500000000005,0,5,60.89,0.606133409276771
1501,CHEMBL3966965,COc1cccc(OC)c1C1CCCCC(=O)N1Cc1cccc(N2CCCC2)c1,7.795880017344075,<rdkit.Chem.rdchem.Mol object at 0x176781620>,True,6,408.5420000000002,4.947900000000004,0,4,42.010000000000005,0.6783644932288895
1505,CHEMBL3902815,COc1cccc(OC)c1C1CCCCC(=O)N1Cc1cccc(-n2cccn2)c1,7.698970004336019,<rdkit.Chem.rdchem.Mol object at 0x176781770>,True,6,405.49800000000005,4.533400000000004,0,4,56.59,0.6044534025514369
1509,CHEMBL3986127,COc1cccc(OC)c1C1CCCCC(=O)N1Cc1cccc(-n2nccn2)c1,7.481486060122112,<rdkit.Chem.rdchem.Mol object at 0x176781930>,True,6,406.48600000000005,3.9284000000000026,0,5,69.48,0.6204105775855139
1511,CHEMBL3936665,COc1cccc(OC)c1C1CCCCC(=O)N1Cc1ccnc(-n2cccn2)c1,7.0655015487564325,<rdkit.Chem.rdchem.Mol object at 0x176781a10>,True,6,406.48600000000005,3.9284000000000026,0,5,69.48,0.6204105775855139
1516,CHEMBL3955491,COc1cc(OC)c(C2CCC(=O)N2Cc2ccc(OC(F)(F)F)cc2)c(OC)c1,6.567030709125595,<rdkit.Chem.rdchem.Mol object at 0x176781bd0>,True,7,425.4030000000001,4.474700000000004,0,5,57.230000000000004,0.6550821150797135
1517,CHEMBL3933331,COc1cccc(OC)c1C1CCC(=O)N1Cc1cnc2ccccc2c1,7.356547323513812,<rdkit.Chem.rdchem.Mol object at 0x176781c40>,True,5,362.42900000000003,4.115700000000003,0,4,51.660000000000004,0.6851810384841017
1518,CHEMBL3895462,COc1cccc(OC)c1C1CCC(=O)N1Cc1ccc2ccccc2n1,6.866461091629782,<rdkit.Chem.rdchem.Mol object at 0x176781cb0>,True,5,362.42900000000003,4.115700000000003,0,4,51.660000000000004,0.6851810384841017
1519,CHEMBL3972041,COc1cccc(OC)c1C1CCC(=O)N1Cc1ccc2ccccc2c1,6.94692155651658,<rdkit.Chem.rdchem.Mol object at 0x176781d20>,True,5,361.44100000000003,4.720700000000004,0,3,38.77,0.659917194089534
1520,CHEMBL3900899,COc1cccc(OC)c1C1CCC(=O)N1Cc1cnc(OC(F)F)c(Cl)c1,6.97061622231479,<rdkit.Chem.rdchem.Mol object at 0x176781d90>,True,7,412.82000000000005,4.217300000000003,0,5,60.89,0.681135312802452
1523,CHEMBL3892023,COc1cccc(OC)c1C1CCC(=O)N1Cc1cccc(-c2cccnc2)c1,6.603800652904264,<rdkit.Chem.rdchem.Mol object at 0x176781ee0>,True,6,388.46700000000004,4.629500000000004,0,4,51.660000000000004,0.6178058226337405
1524,CHEMBL3920046,COc1cccc(OC)c1C1CCC(=O)N1Cc1cccc2ccccc12,6.536107011014093,<rdkit.Chem.rdchem.Mol object at 0x176781f50>,True,5,361.44100000000003,4.720700000000004,0,3,38.77,0.659917194089534
1527,CHEMBL3983793,COc1cccc(OC)c1C1CCC(=O)N1Cc1cccc(-c2ccccn2)c1,7.251811972993799,<rdkit.Chem.rdchem.Mol object at 0x1767820a0>,True,6,388.46700000000004,4.629500000000004,0,4,51.660000000000004,0.6178058226337405
1528,CHEMBL3955148,COc1cccc(OC)c1C1CCC(=O)N1Cc1ccnc(-c2ccccc2)c1,6.91721462968355,<rdkit.Chem.rdchem.Mol object at 0x176782110>,True,6,388.46700000000004,4.629500000000004,0,4,51.660000000000004,0.6178058226337405
1529,CHEMBL3978924,COc1cccc(OC)c1C1CCC(=O)N1Cc1cccc(-c2ccccc2)n1,6.978810700930062,<rdkit.Chem.rdchem.Mol object at 0x176782180>,True,6,388.46700000000004,4.629500000000004,0,4,51.660000000000004,0.6178058226337405
1531,CHEMBL3940994,COc1cccc(OC)c1C1CC(C)C(=O)N1Cc1cccc(N2CCCC2)c1,7.130768280269024,<rdkit.Chem.rdchem.Mol object at 0x176782260>,True,6,394.5150000000002,4.413700000000004,0,4,42.010000000000005,0.7276425063752634
1532,CHEMBL3913002,COc1cccc(OC)c1C1CCC(=O)N1Cc1cccc(-c2nccs2)c1,7.050609993355087,<rdkit.Chem.rdchem.Mol object at 0x1767822d0>,True,6,394.49600000000004,4.691000000000004,0,5,51.660000000000004,0.6085426819216266
1542,CHEMBL3941481,COc1cccc(OC)c1C1CC(C)C(=O)N1Cc1cccc(N2CCCCC2)c1,6.804100347590766,<rdkit.Chem.rdchem.Mol object at 0x176782490>,True,6,408.54200000000026,4.803800000000004,0,4,42.010000000000005,0.688293858870154
1543,CHEMBL3971086,COc1cccc(OC)c1C1CC(C)C(=O)N1Cc1cccc(-n2cccn2)c1,6.578396073130169,<rdkit.Chem.rdchem.Mol object at 0x176782500>,True,6,391.47100000000006,3.9992000000000028,0,4,56.59,0.6373460647787312
1550,CHEMBL3917613,COc1cccc(OC)c1C1CC(C)C(=O)N1Cc1cccc(-c2ncccn2)c1,7.3979400086720375,<rdkit.Chem.rdchem.Mol object at 0x176782730>,True,6,403.4820000000001,4.270500000000003,0,5,64.55000000000001,0.614971322184299
1551,CHEMBL3954220,COc1cccc(OC)c1C1CC(C)C(=O)N1Cc1cccc(-c2noc(C)n2)c1,7.337242168318426,<rdkit.Chem.rdchem.Mol object at 0x1767827a0>,True,6,407.47000000000014,4.171920000000004,0,6,77.69000000000001,0.6102543256942684
1557,CHEMBL3897884,COc1cccc(OC)c1C1CC(C)C(=O)N1Cc1cccc(-n2nccn2)c1,7.113509274827518,<rdkit.Chem.rdchem.Mol object at 0x1767829d0>,True,6,392.45900000000006,3.3942000000000023,0,5,69.48,0.6431212218909557
1562,CHEMBL3919895,COc1cccc(OC)c1C1CC(C)C(=O)N1Cc1ccnc(-n2cccn2)c1,6.690369832574102,<rdkit.Chem.rdchem.Mol object at 0x176782b90>,True,6,392.45900000000006,3.3942000000000023,0,5,69.48,0.6431212218909557
1566,CHEMBL3931438,COc1cccc(OC)c1C1CCCC(=O)N1Cc1ccc(Cl)cc1,6.812479279163537,<rdkit.Chem.rdchem.Mol object at 0x176782c70>,True,5,359.85299999999995,4.611000000000004,0,3,38.77,0.7820007635586801
1568,CHEMBL3937707,COc1cccc(OC)c1C1CCCC(=O)N1Cc1ccc(OC(F)(F)F)c(F)c1,7.7447274948966935,<rdkit.Chem.rdchem.Mol object at 0x176782ce0>,True,6,427.394,4.995300000000005,0,4,48.0,0.6094315843073823
1571,CHEMBL3900701,COc1cccc(OC)c1C1CCCC(=O)N1Cc1ccc(C(F)(F)F)cc1,6.767003889607846,<rdkit.Chem.rdchem.Mol object at 0x176782e30>,True,5,393.405,4.976400000000004,0,3,38.77,0.7195017802316781
1573,CHEMBL3951832,COc1cccc(OC)c1C1CCCC(=O)N1Cc1ccc(OC(F)F)cc1,7.508638306165727,<rdkit.Chem.rdchem.Mol object at 0x176782ea0>,True,7,391.414,4.559000000000004,0,4,48.0,0.69434590352631
1577,CHEMBL3904115,COc1cccc(OC)c1C1CCCC(=O)N1Cc1ccc(-n2cccc2)cc1,6.721246399047171,<rdkit.Chem.rdchem.Mol object at 0x176782f80>,True,6,390.483,4.748300000000004,0,3,43.7,0.6101299604941289
1584,CHEMBL3967832,COc1cccc(OC)c1C1CCCC(=O)N1Cc1ccc(OCCF)cc1,7.214670164989233,<rdkit.Chem.rdchem.Mol object at 0x176783060>,True,8,387.4510000000001,4.305900000000004,0,4,48.0,0.6773958001393955
1585,CHEMBL3929234,COc1cccc(OC)c1C1CCCC(=O)N1Cc1ccc(OC(F)F)nc1,7.036212172654444,<rdkit.Chem.rdchem.Mol object at 0x1767830d0>,True,7,392.402,3.9540000000000033,0,5,60.89,0.7140041653851561
1586,CHEMBL3956786,COc1cccc(OC)c1C1CCCC(=O)N1Cc1cccc(OC(F)F)c1,7.107905397309519,<rdkit.Chem.rdchem.Mol object at 0x176783140>,True,7,391.414,4.559000000000004,0,4,48.0,0.69434590352631
1588,CHEMBL3955790,COc1cccc(OC)c1C1CCCC(=O)N1Cc1cc2ccccc2o1,6.769551078621726,<rdkit.Chem.rdchem.Mol object at 0x1767831b0>,True,5,365.42900000000003,4.703800000000005,0,4,51.910000000000004,0.6573438113054177
1590,CHEMBL3943680,COc1cccc(OC)c1C1CCCC(=O)N1Cc1ccc2c(c1)OC(F)(F)O2,6.749579997691106,<rdkit.Chem.rdchem.Mol object at 0x176783290>,True,5,405.39700000000005,4.279100000000003,0,5,57.230000000000004,0.7433357292361967
1591,CHEMBL3963425,COc1cccc(OC)c1C1CCCC(=O)N1Cc1cccc(OC(F)F)n1,7.1938200260161125,<rdkit.Chem.rdchem.Mol object at 0x176783300>,True,7,392.402,3.9540000000000033,0,5,60.89,0.7140041653851561
1595,CHEMBL3904193,COc1cccc(OC)c1C1CCCC(=O)N1Cc1ccc(OC(F)F)cn1,7.154901959985743,<rdkit.Chem.rdchem.Mol object at 0x1767833e0>,True,7,392.402,3.9540000000000033,0,5,60.89,0.7140041653851561
1603,CHEMBL3890634,CCOc1ccccc1C1CCC(=O)N1Cc1ccc(OC(F)(F)F)cc1,6.619788758288394,<rdkit.Chem.rdchem.Mol object at 0x176783530>,True,6,379.378,4.847600000000004,0,3,38.769999999999996,0.7204111398426637
1606,CHEMBL3903138,COc1cccc(OC)c1C1CC(C)C(=O)N1Cc1cccc(OC(F)F)c1,7.017728766960431,<rdkit.Chem.rdchem.Mol object at 0x1767835a0>,True,7,391.41400000000004,4.414900000000004,0,4,48.0,0.7013280399120514
1608,CHEMBL3909846,COc1cccc(OC)c1C1CC(C)C(=O)N1Cc1cccc(OC(F)(F)F)c1,6.966576244513051,<rdkit.Chem.rdchem.Mol object at 0x176783610>,True,6,409.40400000000005,4.712100000000004,0,4,48.0,0.6932980553678632
1609,CHEMBL3925582,COc1cccc(OC)c1C1CC(C)C(=O)N1Cc1cccc(OC(F)F)n1,6.716698771296451,<rdkit.Chem.rdchem.Mol object at 0x176783680>,True,7,392.40200000000004,3.8099000000000025,0,5,60.89,0.7171644490012369
1613,CHEMBL3969685,CCOc1ccc(CN2C(=O)CCCC2c2c(OC)cccc2OC)cc1,7.187086643357144,<rdkit.Chem.rdchem.Mol object at 0x1767836f0>,True,7,369.46100000000007,4.356300000000004,0,4,48.0,0.7276784796936377
1614,CHEMBL3963602,COc1cccc(OC)c1C1CCCC(=O)N1Cc1ccc(OC(C)C)cc1,7.795880017344075,<rdkit.Chem.rdchem.Mol object at 0x176783760>,True,7,383.48800000000006,4.744800000000004,0,4,48.0,0.6925448676781129
1616,CHEMBL3981092,COc1cccc(OC)c1C1CCCC(=O)N1Cc1ccc(OCC2CC2)cc1,7.4089353929735005,<rdkit.Chem.rdchem.Mol object at 0x1767837d0>,True,8,395.49900000000014,4.746400000000005,0,4,48.0,0.6473611359090754
1621,CHEMBL3908200,COc1cccc(OCCO)c1C1CCCC(=O)N1Cc1ccc(OC(F)(F)F)cc1,7.070581074285707,<rdkit.Chem.rdchem.Mol object at 0x1767838b0>,True,8,439.43000000000006,4.218700000000004,1,5,68.23,0.6672696948597795
1640,CHEMBL3903177,COc1cc(F)cc(OC)c1C1CCCC(=O)N1Cc1ccc(OC(F)(F)F)cc1,7.568636235841013,<rdkit.Chem.rdchem.Mol object at 0x176783990>,True,6,427.39400000000006,4.995300000000005,0,4,48.0,0.6094315843073823
1649,CHEMBL3935942,COc1cccc(OC)c1C1CCCC(=O)N1Cc1ccc2c(ccn2C)c1,6.560667306169737,<rdkit.Chem.rdchem.Mol object at 0x176783b50>,True,5,378.47200000000004,4.449300000000004,0,3,43.7,0.6588090947414227
1651,CHEMBL3925895,COc1cccc(OC)c1C1CCCC(=O)N1Cc1ccc2c(c1)nnn2C,6.507239610973162,<rdkit.Chem.rdchem.Mol object at 0x176783bc0>,True,5,380.44800000000004,3.239300000000002,0,5,69.48000000000002,0.6796369559295847
1653,CHEMBL3926227,COc1cccc(OC)c1C1CCCC(=O)N1Cc1ccc(N2CCCC2)cc1,6.87942606879415,<rdkit.Chem.rdchem.Mol object at 0x176783c30>,True,6,394.51500000000016,4.557800000000004,0,4,42.010000000000005,0.7204080693245513
1654,CHEMBL3933444,COc1cccc(OC)c1C1CCCC(=O)N1Cc1ccc(OCC(F)(F)F)cc1,7.958607314841775,<rdkit.Chem.rdchem.Mol object at 0x176783ca0>,True,7,423.43100000000004,4.898700000000005,0,4,48.0,0.6357771947856845
1655,CHEMBL3959670,COc1cccc(OC)c1C1CCCC(=O)N1Cc1cc2ccccc2n1C,7.3872161432802645,<rdkit.Chem.rdchem.Mol object at 0x176783d10>,True,5,378.47200000000004,4.449300000000004,0,3,43.7,0.6588090947414227
1657,CHEMBL3917353,COc1cccc(OC)c1C1CCCC(=O)N1Cc1ccc2oc(C)nc2c1,6.651695136951839,<rdkit.Chem.rdchem.Mol object at 0x176783d80>,True,5,380.4440000000001,4.407220000000004,0,5,64.80000000000001,0.6560582651213587
1679,CHEMBL3943446,COc1ncnc(OC)c1C1CCCC(=O)N1Cc1csc(-c2ccccc2)n1,6.59176003468815,<rdkit.Chem.rdchem.Mol object at 0x176783e60>,True,6,410.499,3.871100000000003,0,7,77.44000000000001,0.613896843401046
1702,CHEMBL3898298,COc1cccc(Cl)c1[C@@H]1C[C@@H](O)C(=O)N1Cc1ccc(OC(F)(F)F)cc1,6.531652669587842,<rdkit.Chem.rdchem.Mol object at 0x1767103c0>,True,5,415.795,4.081700000000002,1,4,59.0,0.7990289554342626
1707,CHEMBL3938412,CCOc1ccccc1[C@@H]1C[C@@H](O)C(=O)N1Cc1ccc(OC(F)(F)F)cc1,6.769551078621726,<rdkit.Chem.rdchem.Mol object at 0x176710430>,True,6,395.377,3.818400000000003,1,4,59.0,0.8080537275446243
1708,CHEMBL3987155,CCOc1ccccc1[C@@H]1C[C@H](F)C(=O)N1Cc1ccc(OC(F)(F)F)cc1,7.008773924307505,<rdkit.Chem.rdchem.Mol object at 0x1767104a0>,True,6,397.368,4.795600000000004,0,3,38.769999999999996,0.6578769119114577
1709,CHEMBL3964757,COc1cccc(F)c1[C@@H]1C[C@H](F)C(=O)N1Cc1ccc(OC(F)(F)F)cc1,7.180456064458132,<rdkit.Chem.rdchem.Mol object at 0x176710510>,True,5,401.331,4.5446000000000035,0,3,38.769999999999996,0.6906908038607903
1711,CHEMBL3948062,COc1cc(F)ccc1[C@@H]1C[C@H](F)C(=O)N1Cc1ccc(OC(F)(F)F)cc1,6.844663962534939,<rdkit.Chem.rdchem.Mol object at 0x1767105f0>,True,5,401.331,4.5446000000000035,0,3,38.769999999999996,0.6906908038607903
1733,CHEMBL3949219,COc1cccc(C)c1[C@@H]1C[C@H](F)C(=O)N1Cc1ccc(OC(F)(F)F)cc1,6.749579997691106,<rdkit.Chem.rdchem.Mol object at 0x176710820>,True,5,397.368,4.713920000000004,0,3,38.769999999999996,0.6860267250651396
1734,CHEMBL3952476,COc1cccc(C)c1[C@@H]1C[C@H](Cl)C(=O)N1Cc1ccc(OC(F)(F)F)cc1,6.899629454882437,<rdkit.Chem.rdchem.Mol object at 0x176710890>,True,5,413.82300000000004,4.983220000000004,0,3,38.769999999999996,0.6485706472467934
1740,CHEMBL3969634,COc1ccc(F)c(OC)c1[C@@H]1C[C@H](F)C(=O)N1Cc1ccc(OC(F)(F)F)cc1,6.528708288941061,<rdkit.Chem.rdchem.Mol object at 0x176710970>,True,6,431.3570000000001,4.553200000000004,0,4,48.0,0.6299496045681451
1742,CHEMBL3958542,CCOc1cccc(F)c1[C@@H]1C[C@@H](O)C(=O)N1Cc1ccc(OC(F)(F)F)cc1,7.481486060122112,<rdkit.Chem.rdchem.Mol object at 0x176710a50>,True,6,413.367,3.957500000000003,1,4,59.0,0.7288464517526803
1746,CHEMBL3974803,CCOc1ccc(F)c(F)c1[C@@H]1C[C@@H](O)C(=O)N1Cc1ccc(OC(F)(F)F)cc1,7.236572006437063,<rdkit.Chem.rdchem.Mol object at 0x176710ba0>,True,6,431.3570000000001,4.096600000000003,1,4,59.0,0.7002875170776189
1750,CHEMBL3890497,CCOc1cccc(F)c1[C@@H]1C[C@H](F)C(=O)N1Cc1ccc(OC(F)(F)F)cc1,8.096910013008056,<rdkit.Chem.rdchem.Mol object at 0x176710cf0>,True,6,415.358,4.934700000000003,0,3,38.769999999999996,0.6280639864650999
1768,CHEMBL3893641,COc1cccc(F)c1C1CC(C)C(=O)N1Cc1ccnc(-c2ncc(C)s2)c1,7.920818753952375,<rdkit.Chem.rdchem.Mol object at 0x1767111c0>,True,5,411.50200000000007,4.770920000000004,0,5,55.32,0.6068188843821735
1769,CHEMBL3921650,COc1cccc(F)c1C1CC(C)C(=O)N1Cc1ccnc(-n2cccn2)c1,7.060480747381382,<rdkit.Chem.rdchem.Mol object at 0x176711230>,True,5,380.423,3.524700000000002,0,4,60.25,0.6794921672857438
1774,CHEMBL3923606,COc1cccc(F)c1C1CC(C)C(=O)N1Cc1ccnc(-c2nc(C)cs2)c1,8.096910013008056,<rdkit.Chem.rdchem.Mol object at 0x176711460>,True,5,411.50200000000007,4.770920000000005,0,5,55.32,0.6068188843821734
1781,CHEMBL3911666,CCOc1cccc(F)c1C1CC(C)C(=O)N1Cc1ccc(OC(F)F)cc1,7.187086643357144,<rdkit.Chem.rdchem.Mol object at 0x176711690>,True,7,393.40500000000003,4.935500000000005,0,3,38.769999999999996,0.6691978091574998
1782,CHEMBL3973633,CCOc1cccc(F)c1C1CC(C)C(=O)N1Cc1cccc(OC(F)F)c1,7.3872161432802645,<rdkit.Chem.rdchem.Mol object at 0x176711700>,True,7,393.40500000000003,4.935500000000004,0,3,38.769999999999996,0.6691978091574999
1784,CHEMBL3893831,CCOc1cccc(CN2C(=O)C(C)CC2c2c(F)cccc2OCC)c1,7.6020599913279625,<rdkit.Chem.rdchem.Mol object at 0x1767117e0>,True,7,371.4520000000001,4.732800000000005,0,3,38.769999999999996,0.706048508528752
1787,CHEMBL3952851,CCOc1cccc(F)c1C1CC(C)C(=O)N1Cc1ccc2ccccc2n1,7.1487416512809245,<rdkit.Chem.rdchem.Mol object at 0x1767118c0>,True,5,378.44700000000006,4.882300000000004,0,3,42.43,0.6352789965829879
1789,CHEMBL3964419,CCOc1cccc(F)c1C1CC(C)C(=O)N1Cc1ccnc(-n2cccn2)c1,8.045757490560675,<rdkit.Chem.rdchem.Mol object at 0x1767119a0>,True,6,394.45000000000005,3.9148000000000023,0,4,60.25,0.6359375748782535
1796,CHEMBL3970401,COc1cccc(OC)c1C1CC(C)C(=O)N1Cc1cc2ccccc2n1C,6.87942606879415,<rdkit.Chem.rdchem.Mol object at 0x176711cb0>,True,5,378.4720000000001,4.305200000000004,0,3,43.7,0.6646373960771778
1798,CHEMBL3960262,COc1cccc(OC)c1C1CC(C)C(=O)N1Cc1cc2cc(F)ccc2n1C,6.847711655616943,<rdkit.Chem.rdchem.Mol object at 0x176711d20>,True,5,396.4620000000001,4.444300000000004,0,3,43.7,0.6402498732680444
1802,CHEMBL3928080,CC(C)Oc1cccc(F)c1[C@@H]1C[C@@H](O)C(=O)N1Cc1ccc(OC(F)(F)F)cc1,7.113509274827518,<rdkit.Chem.rdchem.Mol object at 0x176711d90>,True,6,427.39400000000006,4.346000000000004,1,4,59.0,0.6969806301386376
1808,CHEMBL3957833,COc1cccc(OC)c1C1CC(C)C(=O)N1Cc1ccc(OC(F)(F)F)c(F)c1,6.73754891026957,<rdkit.Chem.rdchem.Mol object at 0x176711f50>,True,6,427.39400000000006,4.851200000000004,0,4,48.0,0.61868918150912
1813,CHEMBL3955473,COc1cccc(OC)c1C1CC(C)C(=O)N1Cc1ccccc1OC(F)(F)F,7.060480747381382,<rdkit.Chem.rdchem.Mol object at 0x176712030>,True,6,409.40400000000005,4.712100000000004,0,4,48.0,0.6932980553678632
1824,CHEMBL3949744,CC1CC(c2c(F)cccc2OCCO)N(Cc2ccc(OC(F)(F)F)cc2)C1=O,7.229147988357855,<rdkit.Chem.rdchem.Mol object at 0x1767123b0>,True,7,427.39400000000006,4.205100000000003,1,4,59.00000000000001,0.6731357311528504
1825,CHEMBL3973879,COc1cccc(OC)c1C1CC(C)C(=O)N1Cc1cccc(OCC(F)(F)F)c1,6.958607314841775,<rdkit.Chem.rdchem.Mol object at 0x176712420>,True,7,423.4310000000001,4.754600000000004,0,4,48.0,0.6447136290016294
1827,CHEMBL3892961,COc1cccc(OC)c1C1CC(C)C(=O)N1Cc1cccc(OCC(F)F)c1,6.761953896871205,<rdkit.Chem.rdchem.Mol object at 0x176712490>,True,8,405.4410000000001,4.457400000000004,0,4,48.0,0.6508022645955585
1829,CHEMBL3954128,COc1cccc(OC)c1C1CC(C)C(=O)N1Cc1cccc(OCCF)c1,6.6252516539898965,<rdkit.Chem.rdchem.Mol object at 0x176712500>,True,8,387.45100000000014,4.161800000000003,0,4,48.0,0.6823942056136529
1831,CHEMBL3969988,COc1cccc(OC)c1C1CC(C)C(=O)N1Cc1cccc(OC(C)C)c1,7.031517051446065,<rdkit.Chem.rdchem.Mol object at 0x176712570>,True,7,383.4880000000001,4.600700000000004,0,4,48.0,0.7010082658580932
1833,CHEMBL3962408,COc1cc(CN2C(=O)C(C)CC2c2c(OC)cccc2OC)ccc1OC(F)F,6.628932137728263,<rdkit.Chem.rdchem.Mol object at 0x176712650>,True,8,421.4400000000001,4.423500000000004,0,5,57.230000000000004,0.6315110298481388
1835,CHEMBL3892317,CCOc1cccc(Cl)c1[C@@H]1C[C@@H](O)C(=O)N1Cc1ccc(OC(F)(F)F)cc1,7.1249387366083,<rdkit.Chem.rdchem.Mol object at 0x176712730>,True,6,429.82200000000006,4.471800000000003,1,4,59.0,0.7356240155018697
1836,CHEMBL3916806,CCOc1cccc(F)c1[C@@H]1C[C@@H](O)C(=O)N1Cc1ccc(OC(F)(F)F)c(F)c1,7.275724130399211,<rdkit.Chem.rdchem.Mol object at 0x1767127a0>,True,6,431.357,4.096600000000003,1,4,59.0,0.7002875170776192
1837,CHEMBL3978321,CCOc1cccc(F)c1C1CC(O)C(=O)N1Cc1ccc(OC(F)(F)F)c(Cl)c1,7.823908740944319,<rdkit.Chem.rdchem.Mol object at 0x176712810>,True,6,447.812,4.6109000000000036,1,4,59.0,0.656916197374641
1838,CHEMBL3907804,COc1cccc(F)c1[C@@H]1C[C@@H](O)C(=O)N1Cc1cccc(OC(F)(F)F)c1,6.818156412055227,<rdkit.Chem.rdchem.Mol object at 0x176712880>,True,5,399.34000000000003,3.567400000000003,1,4,59.0,0.7814772078257055
1839,CHEMBL3906721,CCOc1cc(F)cc(F)c1[C@@H]1C[C@@H](O)C(=O)N1Cc1ccc(OC(F)(F)F)cc1,6.5934598195660445,<rdkit.Chem.rdchem.Mol object at 0x1767128f0>,True,6,431.3570000000001,4.096600000000003,1,4,59.0,0.7002875170776189
1840,CHEMBL3910216,O=C1[C@H](O)C[C@@H](c2c(F)cccc2OCCF)N1Cc1ccc(OC(F)(F)F)cc1,7.2441251443275085,<rdkit.Chem.rdchem.Mol object at 0x176712960>,True,7,431.3570000000001,3.9071000000000025,1,4,59.0,0.6759249655987234
1857,CHEMBL3917173,COc1ccc2c(c1C1CCCC(=O)N1Cc1ccc(OC(F)(F)F)cc1)OCO2,7.638272163982407,<rdkit.Chem.rdchem.Mol object at 0x176712f80>,True,5,423.38700000000006,4.576300000000003,0,5,57.230000000000004,0.7049860234344585
1871,CHEMBL3939214,COc1cccc(F)c1[C@@H]1C[C@H](F)C(=O)N1Cc1cccc(OC(F)(F)F)c1,7.031517051446065,<rdkit.Chem.rdchem.Mol object at 0x176713530>,True,5,401.331,4.544600000000003,0,3,38.769999999999996,0.6906908038607903
2202,CHEMBL4059661,COc1ccc(C(=O)N2C[C@H](Oc3nccc(C#N)c3C)CC[C@H]2C)c(C2CC2)n1,7.494850021680094,<rdkit.Chem.rdchem.Mol object at 0x1770ce340>,True,5,406.4860000000003,3.6148000000000025,0,6,88.33999999999999,0.7535938420235812
2206,CHEMBL4079177,COc1ccc(C(=O)N2C[C@H](Oc3nccc(C#N)c3C)CC[C@H]2C)c(SC)n1,7.657577319177793,<rdkit.Chem.rdchem.Mol object at 0x1770ce500>,True,5,412.5150000000002,3.4593000000000025,0,7,88.33999999999999,0.694959698783957
2207,CHEMBL4097192,Cc1c(C#N)ccnc1O[C@@H]1CC[C@@H](C)N(C(=O)c2ccccc2C2CC2)C1,8.045757490560675,<rdkit.Chem.rdchem.Mol object at 0x1770ce570>,True,4,375.47200000000015,4.211200000000003,0,4,66.22,0.8027521805165695
2208,CHEMBL4068314,Cc1c(C#N)ccnc1O[C@@H]1CC[C@@H](C)N(C(=O)c2ccccc2C(F)(F)F)C1,7.6777807052660805,<rdkit.Chem.rdchem.Mol object at 0x1770ce5e0>,True,3,403.40400000000005,4.352600000000004,0,4,66.22,0.7641855065459975
2209,CHEMBL4089492,Cc1c(C#N)ccnc1O[C@@H]1CC[C@@H](C)N(C(=O)c2ccccc2OC(F)(F)F)C1,7.795880017344075,<rdkit.Chem.rdchem.Mol object at 0x1770ce650>,True,4,419.4030000000001,4.232400000000004,0,5,75.45,0.7413789262724586
2210,CHEMBL4094742,CCOc1ccccc1C(=O)N1C[C@H](Oc2nccc(C#N)c2C)CC[C@H]1C,8.221848749616356,<rdkit.Chem.rdchem.Mol object at 0x1770ce6c0>,True,5,379.46000000000015,3.7325000000000026,0,5,75.44999999999999,0.7911207825359039
2211,CHEMBL4067287,Cc1c(C#N)ccnc1O[C@@H]1CC[C@@H](C)N(C(=O)c2ccccc2N2CCCC2)C1,7.5376020021010435,<rdkit.Chem.rdchem.Mol object at 0x1770ce730>,True,4,404.51400000000024,3.9340000000000037,0,5,69.46,0.7721362902006902
2213,CHEMBL4088538,Cc1c(C#N)ccnc1O[C@@H]1CC[C@@H](C)N(C(=O)c2cccnc2-c2ccccc2)C1,7.585026652029182,<rdkit.Chem.rdchem.Mol object at 0x1770ce810>,True,4,412.4930000000001,4.395800000000004,0,5,79.11,0.6347237424933705
2214,CHEMBL4098714,Cc1c(C#N)ccnc1O[C@@H]1CC[C@@H](C)N(C(=O)c2ccncc2-c2ccccc2)C1,7.161150909262744,<rdkit.Chem.rdchem.Mol object at 0x1770ce880>,True,4,412.4930000000001,4.395800000000004,0,5,79.11,0.6347237424933705
2220,CHEMBL4072715,C[C@@H]1CC[C@@H](Sc2cc(C#N)ccn2)CN1C(=O)c1ccccc1-n1nccn1,7.886056647693163,<rdkit.Chem.rdchem.Mol object at 0x1770cea40>,True,4,404.4990000000001,3.3193800000000016,0,6,87.7,0.6628440334148595
2339,CHEMBL4794726,CCOc1ccccc1C(=O)N1C[C@H](c2nc(C(C)(C)O)c(C)o2)CC[C@H]1C,7.920818753952375,<rdkit.Chem.rdchem.Mol object at 0x17709c900>,True,5,386.49200000000013,4.017420000000003,1,5,75.8,0.8399602923965046
2346,CHEMBL4739975,COC(=O)N1[C@H](C)C[C@H](NS(=O)(=O)N(C)C)[C@@H]1CO[C@H]1CC[C@@H](c2cccc(F)c2)CC1,9.638272163982407,<rdkit.Chem.rdchem.Mol object at 0x17709cc10>,True,7,471.5950000000003,2.862300000000001,1,5,88.18,0.6607620889304239
2347,CHEMBL4790356,[2H][C@@H]1C[C@@H](OC[C@H]2[C@@H](NS(=O)(=O)N(C)C)C[C@@H](C)N2C(=O)OC)CC[C@@]1([2H])c1cccc(F)c1,9.337242168318426,<rdkit.Chem.rdchem.Mol object at 0x17709cc80>,True,7,473.60720355600023,2.862300000000001,1,5,88.18,0.6579975139026927
2367,CHEMBL5195414,C[C@@H]1C[C@H](NS(=O)(=O)N(C)C)[C@@H]2COC3CCC(CC3)c3ccccc3/C=C/OC(=O)N12,10.045757490560675,<rdkit.Chem.rdchem.Mol object at 0x17709ccf0>,True,3,463.60000000000025,3.077700000000002,1,5,88.17999999999999,0.7443461491230616
2466,CHEMBL5618131,COc1cc(CN2[C@H]3c4ccccc4OC[C@H]3CN2C(=O)C2CCCCC2)cc(OC)c1,8.221848749616356,<rdkit.Chem.rdchem.Mol object at 0x17709daf0>,True,5,436.55200000000036,4.593200000000005,0,5,51.24000000000001,0.686064395615522
2471,CHEMBL5620268,O=C(C1CCCCC1)N1C[C@@H]2COc3ccccc3[C@@H]2N1Cc1cccc(-n2nccn2)c1,8.920818753952375,<rdkit.Chem.rdchem.Mol object at 0x17709dc40>,True,4,443.55100000000016,4.156700000000003,0,5,63.49,0.6060269079088579
2514,CHEMBL5768276,Cc1c(C#N)ccnc1O[C@@H]1CC[C@@H](C)N(C(=O)c2cccnc2OC(C)C)C1,7.422508200162775,<rdkit.Chem.rdchem.Mol object at 0x17709ece0>,True,5,394.47500000000014,3.5160000000000027,0,6,88.34,0.7709540152900308
2516,CHEMBL5756377,COc1cccc(OC)c1C(=O)N[C@H]1CCC[C@H]1Nc1cnc2ccccc2n1,7.008773924307505,<rdkit.Chem.rdchem.Mol object at 0x17709edc0>,True,6,392.45900000000006,3.410000000000002,2,6,85.37,0.6687000705504933
3182,CHEMBL5981958,C[C@@H]1CC[C@@H](c2ncc(C(C)(C)O)s2)CN1C(=O)c1ccccc1-n1nccn1,7.173925197299173,<rdkit.Chem.rdchem.Mol object at 0x17704cb30>,True,4,411.53100000000006,3.3595000000000024,1,6,84.14,0.7116397360136232
3184,CHEMBL5853721,C[C@@H]1CC[C@@H](c2cnc(C(C)(C)O)s2)CN1C(=O)c1ccccc1-n1nccn1,7.301029995663981,<rdkit.Chem.rdchem.Mol object at 0x17704cba0>,True,4,411.53100000000006,3.3595000000000024,1,6,84.14,0.7116397360136232
3185,CHEMBL5966265,C[C@@H]1CC[C@@H](c2nc(C(C)(C)O)cs2)CN1C(=O)c1ccccc1-n1nccn1,7.769551078621726,<rdkit.Chem.rdchem.Mol object at 0x17704cc10>,True,4,411.5310000000001,3.3595000000000024,1,6,84.14,0.7116397360136232
3186,CHEMBL5812530,C[C@@H]1CC[C@@H](c2nc([C@H](O)C(F)(F)F)cs2)CN1C(=O)c1ccccc1-n1nccn1,6.782516055786093,<rdkit.Chem.rdchem.Mol object at 0x17704cc80>,True,4,451.47400000000016,3.727800000000002,1,6,84.14,0.653628393718599
3187,CHEMBL5802739,C[C@@H]1CC[C@@H](c2nc([C@@H](O)C(F)(F)F)cs2)CN1C(=O)c1ccccc1-n1nccn1,7.823908740944319,<rdkit.Chem.rdchem.Mol object at 0x17704ccf0>,True,4,451.47400000000016,3.727800000000002,1,6,84.14,0.653628393718599
3188,CHEMBL5922483,C[C@@H]1CC[C@@H](c2nc([C@H](O)C(F)F)cs2)CN1C(=O)c1ccccc1-n1nccn1,6.876148359032914,<rdkit.Chem.rdchem.Mol object at 0x17704cd60>,True,5,433.4840000000001,3.430600000000002,1,6,84.14,0.6665326242000883
3189,CHEMBL5914031,C[C@@H]1CC[C@@H](c2nc([C@@H](O)C(F)F)cs2)CN1C(=O)c1ccccc1-n1nccn1,8.0268721464003,<rdkit.Chem.rdchem.Mol object at 0x17704cdd0>,True,5,433.4840000000001,3.430600000000002,1,6,84.14,0.6665326242000883
3190,CHEMBL6001474,C[C@@H]1CC[C@@H](c2nc(C(C)(C)O)cs2)CN1C(=O)c1ccsc1-n1nccn1,7.721246399047171,<rdkit.Chem.rdchem.Mol object at 0x17704ce40>,True,4,417.5600000000001,3.421000000000002,1,7,84.14,0.7031171885740999
3191,CHEMBL6008583,C[C@@H]1CC[C@@H](c2nc(C(C)(C)O)cs2)CN1C(=O)c1ccccc1C1(C#N)CC1,7.823908740944319,<rdkit.Chem.rdchem.Mol object at 0x17704ceb0>,True,4,409.55500000000023,4.333980000000004,1,5,77.22,0.8150861943472066
3192,CHEMBL5872865,COC(=O)c1ccccc1C(=O)N1C[C@H](c2nc(C(C)(C)O)cs2)CC[C@H]1C,7.356547323513812,<rdkit.Chem.rdchem.Mol object at 0x17704cf20>,True,4,402.51600000000013,3.565400000000003,1,6,79.73,0.7911722217394392
3193,CHEMBL5749986,C[C@@H]1CC[C@@H](c2nc(C(C)(C)O)cs2)CN1C(=O)c1ccc(F)cc1-n1nccn1,7.721246399047171,<rdkit.Chem.rdchem.Mol object at 0x17704cf90>,True,4,429.52100000000013,3.4986000000000024,1,6,84.14,0.6862748066032898
3195,CHEMBL6013096,C[C@@H]1CC[C@@H](c2nc(C(C)(C)O)cs2)CN1C(=O)c1cscc1-n1nccn1,7.795880017344075,<rdkit.Chem.rdchem.Mol object at 0x17704d070>,True,4,417.5600000000001,3.421000000000002,1,7,84.14,0.7031171885740999
3196,CHEMBL6036043,C[C@@H]1CC[C@@H](c2nc(C(C)(C)O)cs2)CN1C(=O)c1cscc1-c1ncccn1,7.6020599913279625,<rdkit.Chem.rdchem.Mol object at 0x17704d0e0>,True,4,428.58300000000014,4.2973000000000035,1,7,79.21000000000001,0.6702844585235193
3197,CHEMBL5768269,C[C@@H]1CC[C@@H](c2nc(C(C)(C)O)cs2)CN1C(=O)c1ccccc1-c1ncccn1,7.5376020021010435,<rdkit.Chem.rdchem.Mol object at 0x17704d150>,True,4,422.55400000000014,4.235800000000004,1,6,79.21000000000001,0.6804237876230155
3198,CHEMBL5763621,C[C@@H]1CC[C@@H](c2nc(C(C)(C)O)cs2)CN1C(=O)c1ccsc1-c1ncccn1,6.943095148663527,<rdkit.Chem.rdchem.Mol object at 0x17704d1c0>,True,4,428.58300000000014,4.297300000000004,1,7,79.21000000000001,0.6702844585235193
3200,CHEMBL5868257,Cc1sc([C@@H]2CC[C@@H](C)N(C(=O)c3ccsc3-n3nccn3)C2)nc1C(C)(C)O,7.920818753952375,<rdkit.Chem.rdchem.Mol object at 0x17704d230>,True,4,431.58700000000016,3.7294200000000033,1,7,84.14,0.6804237384953354
3201,CHEMBL5815945,Cc1sc([C@@H]2CC[C@@H](C)N(C(=O)c3cscc3-n3nccn3)C2)nc1C(C)(C)O,7.522878745280337,<rdkit.Chem.rdchem.Mol object at 0x17704d2a0>,True,4,431.58700000000016,3.7294200000000024,1,7,84.14,0.6804237384953356
3202,CHEMBL5895423,Cc1sc([C@@H]2CC[C@@H](C)N(C(=O)c3ccc(F)cc3-n3nccn3)C2)nc1C(C)(C)O,7.698970004336019,<rdkit.Chem.rdchem.Mol object at 0x17704d310>,True,4,443.5480000000002,3.8070200000000027,1,6,84.14,0.6629703077951244
3203,CHEMBL5783834,Cc1sc([C@@H]2CC[C@@H](C)N(C(=O)c3ccccc3-c3ncccn3)C2)nc1C(C)(C)O,7.568636235841013,<rdkit.Chem.rdchem.Mol object at 0x17704d380>,True,4,436.5810000000002,4.544220000000005,1,6,79.21000000000001,0.6493133716862849
3205,CHEMBL5942667,Cc1sc([C@@H]2CC[C@@H](C)N(C(=O)c3ccccc3C3(C#N)CC3)C2)nc1C(C)(C)O,7.920818753952375,<rdkit.Chem.rdchem.Mol object at 0x17704d460>,True,4,423.5820000000003,4.642400000000005,1,5,77.22,0.7769236911977242
3206,CHEMBL5882330,Cc1sc([C@@H]2CC[C@@H](C)N(C(=O)c3ccccc3CS(C)(=O)=O)C2)nc1C(C)(C)O,7.494850021680094,<rdkit.Chem.rdchem.Mol object at 0x17704d4d0>,True,5,450.62600000000026,3.6318200000000025,1,6,87.57000000000001,0.7515329303947396
3207,CHEMBL5796093,Cc1sc([C@@H]2CC[C@@H](C)N(C(=O)c3ccsc3-c3ncccn3)C2)nc1C(C)(C)O,7.060480747381382,<rdkit.Chem.rdchem.Mol object at 0x17704d540>,True,4,442.6100000000002,4.605720000000006,1,7,79.21000000000001,0.6384611581517959
3208,CHEMBL5925360,Cc1sc([C@@H]2CC[C@@H](C)N(C(=O)c3cscc3-c3ncccn3)C2)nc1C(C)(C)O,7.5376020021010435,<rdkit.Chem.rdchem.Mol object at 0x17704d5b0>,True,4,442.6100000000002,4.605720000000005,1,7,79.21000000000001,0.6384611581517959
3210,CHEMBL6040525,C[C@@H]1CC[C@@H](c2csc(C(C)(C)O)n2)CN1C(=O)c1ccccc1C1(C#N)CC1,7.886056647693163,<rdkit.Chem.rdchem.Mol object at 0x17704d690>,True,4,409.5550000000002,4.333980000000004,1,5,77.22,0.8150861943472066
3211,CHEMBL5942909,C[C@@H]1CC[C@@H](c2csc(C(C)(C)O)n2)CN1C(=O)c1ccsc1-c1ncccn1,7.045757490560675,<rdkit.Chem.rdchem.Mol object at 0x17704d700>,True,4,428.5830000000001,4.297300000000004,1,7,79.21000000000001,0.6702844585235195
3212,CHEMBL5906141,C[C@@H]1CC[C@@H](c2csc(C(C)(C)O)n2)CN1C(=O)c1cscc1-c1ncccn1,6.886056647693163,<rdkit.Chem.rdchem.Mol object at 0x17704d770>,True,4,428.5830000000001,4.2973000000000035,1,7,79.21000000000001,0.6702844585235195
3213,CHEMBL6051665,C[C@@H]1CC[C@@H](c2csc(C(C)(C)O)n2)CN1C(=O)c1ccccc1-c1ncccn1,6.991399828238082,<rdkit.Chem.rdchem.Mol object at 0x17704d7e0>,True,4,422.5540000000001,4.235800000000004,1,6,79.21000000000001,0.6804237876230156
3214,CHEMBL5893095,C[C@@H]1CC[C@@H](c2csc(C(C)(C)O)n2)CN1C(=O)c1ccccc1CS(C)(=O)=O,7.3979400086720375,<rdkit.Chem.rdchem.Mol object at 0x17704d850>,True,5,436.59900000000016,3.323400000000002,1,6,87.57,0.7768142958829979
3216,CHEMBL5833414,C[C@@H]1CC[C@@H](c2csc(C(C)(C)O)n2)CN1C(=O)c1ccccc1-n1nccn1,7.698970004336019,<rdkit.Chem.rdchem.Mol object at 0x17704d8c0>,True,4,411.53100000000006,3.3595000000000024,1,6,84.14,0.7116397360136232
3217,CHEMBL5947475,C[C@@H]1CC[C@@H](c2csc(C(C)(C)O)n2)CN1C(=O)c1ccsc1-n1nccn1,7.795880017344075,<rdkit.Chem.rdchem.Mol object at 0x17704d930>,True,4,417.56000000000006,3.421000000000002,1,7,84.14,0.7031171885740999
3218,CHEMBL5947000,C[C@@H]1CC[C@@H](c2csc(C(C)(C)O)n2)CN1C(=O)c1ccc(F)cc1-n1nccn1,7.853871964321762,<rdkit.Chem.rdchem.Mol object at 0x17704d9a0>,True,4,429.5210000000001,3.4986000000000024,1,6,84.14,0.6862748066032899
3249,CHEMBL5874164,Cc1c(C#N)ccnc1O[C@@H]1CC[C@@H](C)N(C(=O)c2sncc2-c2ccccc2)C1,7.050609993355087,<rdkit.Chem.rdchem.Mol object at 0x17704e260>,True,4,418.5220000000001,4.457300000000004,0,6,79.11,0.625071703155976
3250,CHEMBL5957918,Cc1c(C#N)ccnc1O[C@@H]1CC[C@@H](C)N(C(=O)c2ccccc2OC(C)C)C1,8.096910013008056,<rdkit.Chem.rdchem.Mol object at 0x17704e2d0>,True,5,393.48700000000014,4.121000000000004,0,5,75.45,0.7637081829655321
3260,CHEMBL6058634,Cc1c(C#N)ccnc1O[C@@H]1CC[C@@H](C)N(C(=O)c2ccsc2-c2cscn2)C1,7.958607314841775,<rdkit.Chem.rdchem.Mol object at 0x17704e650>,True,4,424.5510000000001,4.518800000000004,0,7,79.11,0.6152328994332877
3261,CHEMBL5818691,Cc1c(C#N)ccnc1O[C@@H]1CC[C@@H](C)N(C(=O)c2ccsc2-c2nccs2)C1,7.5376020021010435,<rdkit.Chem.rdchem.Mol object at 0x17704e6c0>,True,4,424.5510000000001,4.518800000000004,0,7,79.11,0.6152328994332877
3262,CHEMBL5863982,Cc1c(C#N)ccnc1O[C@@H]1CC[C@@H](C)N(C(=O)c2ccccc2-c2cscn2)C1,8.221848749616356,<rdkit.Chem.rdchem.Mol object at 0x17704e730>,True,4,418.5220000000001,4.4573000000000045,0,6,79.11,0.6250717031559759
3265,CHEMBL6020986,Cc1c(C#N)ccnc1O[C@@H]1CC[C@@H](C)N(C(=O)c2ccccc2-c2cnn(C)c2)C1,7.698970004336019,<rdkit.Chem.rdchem.Mol object at 0x17704e880>,True,4,415.4970000000001,3.734300000000003,0,5,84.03999999999999,0.6481983472685278
3266,CHEMBL5920597,Cc1c(C#N)ccnc1O[C@@H]1CC[C@@H](C)N(C(=O)c2sccc2-c2nccs2)C1,7.958607314841775,<rdkit.Chem.rdchem.Mol object at 0x17704e8f0>,True,4,424.5510000000001,4.518800000000004,0,7,79.11,0.6152328994332877
3267,CHEMBL5865481,Cc1c(C#N)ccnc1O[C@@H]1CC[C@@H](C)N(C(=O)c2sccc2-c2cscn2)C1,7.958607314841775,<rdkit.Chem.rdchem.Mol object at 0x17704e960>,True,4,424.5510000000001,4.518800000000004,0,7,79.11,0.6152328994332877
3272,CHEMBL5803662,Cc1cnn(-c2ccccc2C(=O)N2C[C@H](Oc3nccc(C#N)c3C)CC[C@H]2C)c1,8.0,<rdkit.Chem.rdchem.Mol object at 0x17704eb90>,True,4,415.4970000000002,3.8279200000000024,0,5,84.03999999999999,0.646623931910799
3273,CHEMBL6053220,Cc1c(C#N)ccnc1O[C@@H]1CC[C@@H](C)N(C(=O)c2ccccc2-c2nccs2)C1,8.096910013008056,<rdkit.Chem.rdchem.Mol object at 0x17704ec00>,True,4,418.5220000000001,4.457300000000004,0,6,79.11,0.625071703155976
3274,CHEMBL5988316,Cc1c(C#N)ccnc1O[C@@H]1CC[C@@H](C)N(C(=O)c2cn(C)nc2-c2ccccc2)C1,7.040958607678906,<rdkit.Chem.rdchem.Mol object at 0x17704ec70>,True,4,415.4970000000001,3.734300000000003,0,5,84.04,0.6481983472685278
3279,CHEMBL5889218,Cc1c(C#N)ccnc1O[C@@H]1CC[C@@H](C)N(C(=O)c2nscc2-c2ccccc2)C1,7.657577319177793,<rdkit.Chem.rdchem.Mol object at 0x17704ee30>,True,4,418.5220000000001,4.457300000000004,0,6,79.11,0.625071703155976
3280,CHEMBL5826035,Cc1ccc(C(=O)N2C[C@H](Oc3nccc(C#N)c3C)CC[C@H]2C)c(C2CC2)c1,7.6777807052660805,<rdkit.Chem.rdchem.Mol object at 0x17704eea0>,True,4,389.49900000000025,4.519620000000004,0,4,66.22,0.7710491181080746
3281,CHEMBL5769283,COc1ccc(C(=O)N2C[C@H](Oc3nccc(C#N)c3C)CC[C@H]2C)c(C2CC2)c1,7.251811972993799,<rdkit.Chem.rdchem.Mol object at 0x17704ef10>,True,5,405.4980000000003,4.219800000000004,0,5,75.44999999999999,0.7444478382733434
3282,CHEMBL6025696,Cc1c(C#N)ccnc1O[C@@H]1CC[C@@H](C)N(C(=O)c2ccc(F)cc2C2CC2)C1,7.585026652029182,<rdkit.Chem.rdchem.Mol object at 0x17704ef80>,True,4,393.46200000000016,4.350300000000004,0,4,66.22,0.7745403147188
3283,CHEMBL6039411,Cc1c(C#N)ccnc1O[C@@H]1CC[C@@H](C)N(C(=O)c2ccc(CO)cc2-c2ccccc2)C1,7.431798275933005,<rdkit.Chem.rdchem.Mol object at 0x17704eff0>,True,5,441.5310000000002,4.493100000000004,1,5,86.45,0.6303006986935543
3285,CHEMBL6013714,Cc1c(C#N)ccnc1O[C@@H]1CC[C@@H](C)N(C(=O)c2cc(F)ccc2-c2ccccn2)C1,7.522878745280337,<rdkit.Chem.rdchem.Mol object at 0x17704f0d0>,True,4,430.4830000000001,4.534900000000005,0,5,79.11,0.6074159884124869
3288,CHEMBL5985021,CCc1ccccc1C(=O)N1C[C@H](Oc2nccc(C#N)c2C)CC[C@H]1C,7.508638306165727,<rdkit.Chem.rdchem.Mol object at 0x17704f220>,True,4,363.4610000000001,3.896200000000003,0,4,66.22,0.8262892703786116
3290,CHEMBL5846231,CSc1ccccc1C(=O)N1C[C@H](Oc2nccc(C#N)c2C)CC[C@H]1C,7.455931955649724,<rdkit.Chem.rdchem.Mol object at 0x17704f290>,True,4,381.50100000000015,4.055700000000003,0,5,66.22,0.7474854410715873
3292,CHEMBL5818465,Cc1c(C#N)ccnc1O[C@@H]1CC[C@@H](C)N(C(=O)C2=C(c3ccccn3)CCC2)C1,7.229147988357855,<rdkit.Chem.rdchem.Mol object at 0x17704f300>,True,4,402.4980000000002,4.052700000000003,0,5,79.11,0.7707202378146834
3295,CHEMBL5826849,COc1ccc(C(=O)N2C[C@H](Oc3nccc(C#N)c3C)CC[C@H]2C)c(C2CCC2)n1,7.113509274827518,<rdkit.Chem.rdchem.Mol object at 0x17704f450>,True,5,420.5130000000003,4.004900000000004,0,6,88.33999999999999,0.7262929234525574
3297,CHEMBL5765719,CCOc1ncccc1C(=O)N1C[C@H](Oc2nccc(C#N)c2C)CC[C@H]1C,7.443697499232712,<rdkit.Chem.rdchem.Mol object at 0x17704f530>,True,5,380.4480000000002,3.127500000000002,0,6,88.34,0.7917797343342503
3332,CHEMBL5761053,COc1c(C#N)ccnc1O[C@@H]1CC[C@@H](C)N(C(=O)c2ccccc2C2CCC2)C1,7.443697499232712,<rdkit.Chem.rdchem.Mol object at 0x1770a43c0>,True,5,405.4980000000002,4.301480000000003,0,5,75.45,0.7412439038811937
3413,CHEMBL5949728,C[C@@H]1C[C@@H](Nc2cc(OCC(F)F)ccn2)CN1C(=O)c1ccccc1C1(C#N)CCC1,7.2343314452409855,<rdkit.Chem.rdchem.Mol object at 0x1770a6420>,True,7,440.49400000000026,4.385880000000004,1,5,78.25,0.6911388278878097
3414,CHEMBL6065854,C[C@@H]1C[C@@H](Nc2cc(OCC(F)F)ccn2)CN1C(=O)c1ccccc1C1(C#N)CC1,7.186419011431808,<rdkit.Chem.rdchem.Mol object at 0x1770a6490>,True,7,426.4670000000002,3.9957800000000034,1,5,78.25,0.7242538662912882
3420,CHEMBL5795839,C[C@@H]1C[C@@H](Nc2cc(C(F)F)ccn2)CN1C(=O)c1ccccc1-n1nccn1,7.866461091629782,<rdkit.Chem.rdchem.Mol object at 0x1770a6500>,True,5,398.41700000000003,3.3150000000000013,1,5,75.94,0.7136544289442663
3421,CHEMBL6007164,C[C@@H]1C[C@@H](Nc2ccc(F)cn2)CN1C(=O)c1ccccc1-n1nccn1,6.756961951313706,<rdkit.Chem.rdchem.Mol object at 0x1770a6570>,True,4,366.40000000000003,2.5165000000000006,1,5,75.94,0.7678584418794331
3423,CHEMBL5884424,C[C@@H]1C[C@@H](Nc2cc(C(F)(F)F)ccn2)CN1C(=O)c1ccccc1-n1nccn1,7.580044251510242,<rdkit.Chem.rdchem.Mol object at 0x1770a6650>,True,4,416.4070000000001,3.396200000000001,1,5,75.94,0.7056850585443817
3424,CHEMBL5857859,C[C@@H]1C[C@@H](Nc2cc(Cl)ccn2)CN1C(=O)c1ccccc1-n1nccn1,7.636388020107856,<rdkit.Chem.rdchem.Mol object at 0x1770a66c0>,True,4,382.855,3.030800000000001,1,5,75.94,0.7501565773773757
3425,CHEMBL6043485,Cc1ccnc(N[C@@H]2C[C@@H](C)N(C(=O)c3ccccc3-n3nccn3)C2)c1,7.11975822410452,<rdkit.Chem.rdchem.Mol object at 0x1770a6730>,True,4,362.4370000000001,2.6858200000000005,1,5,75.94,0.7722021134921541
3426,CHEMBL5931545,C[C@@H]1C[C@@H](Nc2cc(F)ccn2)CN1C(=O)c1ccccc1-n1nccn1,6.924453038607469,<rdkit.Chem.rdchem.Mol object at 0x1770a67a0>,True,4,366.40000000000003,2.5165000000000006,1,5,75.94,0.7678584418794331
3427,CHEMBL6045307,C#Cc1c(OC)ccnc1N[C@@H]1C[C@@H](C)N(C(=O)c2ccccc2-n2nccn2)C1,6.777283528852417,<rdkit.Chem.rdchem.Mol object at 0x1770a6810>,True,5,402.4580000000001,2.3673,1,6,85.17,0.6597966918692771
3429,CHEMBL5923809,CC(C)Oc1ccnc(N[C@@H]2C[C@@H](C)N(C(=O)c3ccccc3-n3nccn3)C2)c1,7.400116927926312,<rdkit.Chem.rdchem.Mol object at 0x1770a68f0>,True,6,406.49000000000007,3.164600000000002,1,6,85.17,0.6768417239211043
3430,CHEMBL5865209,CCOc1ccnc(N[C@@H]2C[C@@H](C)N(C(=O)c3ccccc3-n3nccn3)C2)c1,7.501689446210399,<rdkit.Chem.rdchem.Mol object at 0x1770a6960>,True,6,392.4630000000001,2.7761000000000013,1,6,85.17,0.6943378068884153
3432,CHEMBL5745590,COc1ccnc(N[C@@H]2C[C@@H](C)N(C(=O)c3ccccc3C3(C#N)CC3)C2)c1,7.621602099051862,<rdkit.Chem.rdchem.Mol object at 0x1770a6a40>,True,5,376.4600000000002,3.3604800000000026,1,5,78.25,0.8656571606028659
3433,CHEMBL5827318,COc1cccnc1N[C@@H]1C[C@@H](C)N(C(=O)c2ccccc2-n2nccn2)C1,7.442492798094342,<rdkit.Chem.rdchem.Mol object at 0x1770a6ab0>,True,5,378.4360000000001,2.386,1,6,85.17,0.7337596500132164
3434,CHEMBL5999354,C[C@@H]1C[C@@H](Nc2cc(C(F)F)ccn2)CN1C(=O)c1ccsc1-n1nccn1,7.168770306132937,<rdkit.Chem.rdchem.Mol object at 0x1770a6b20>,True,5,404.446,3.376500000000002,1,6,75.94,0.7056387306793988
3435,CHEMBL6027317,C[C@@H]1C[C@@H](Nc2cc(C(F)F)ccn2)CN1C(=O)c1cscc1-n1nccn1,6.991399828238082,<rdkit.Chem.rdchem.Mol object at 0x1770a6b90>,True,5,404.446,3.376500000000001,1,6,75.94,0.7056387306793989
3438,CHEMBL5834409,C[C@@H]1C[C@@H](Nc2cc(Br)ccn2)CN1C(=O)c1ccccc1-n1nccn1,7.950781977329818,<rdkit.Chem.rdchem.Mol object at 0x1770a6ce0>,True,4,427.3060000000001,3.139900000000001,1,5,75.94,0.6926548078957876
3442,CHEMBL5808837,C[C@@H]1C[C@@H](N(C)c2cc(Br)ccn2)CN1C(=O)c1ccccc1-n1nccn1,6.866461091629782,<rdkit.Chem.rdchem.Mol object at 0x1770a6ea0>,True,4,441.33300000000014,3.164200000000002,0,5,67.15,0.6225292626865268
3452,CHEMBL5844525,CCCc1ccccc1C(=O)N1C[C@H](Nc2ncccc2OC)C[C@H]1C,6.747146969020107,<rdkit.Chem.rdchem.Mol object at 0x1770a70d0>,True,6,353.4660000000001,3.7578000000000022,1,4,54.46000000000001,0.8590813956653977
3453,CHEMBL5806989,COc1cccnc1N[C@@H]1C[C@@H](C)N(C(=O)c2ccccc2OC(F)(F)F)C1,7.3872161432802645,<rdkit.Chem.rdchem.Mol object at 0x1770a7140>,True,5,395.3810000000001,3.7039000000000026,1,5,63.69,0.8364535200582764
3458,CHEMBL5909607,CCN(CCn1ncc(C(C)(C)O)n1)C(=O)c1ccccc1N1CCCC1,7.3872161432802645,<rdkit.Chem.rdchem.Mol object at 0x1770a7300>,True,7,371.4850000000002,2.268,1,5,74.49,0.8081082544278225
3459,CHEMBL5897622,CCN(CCn1ncc(C(C)(C)O)n1)C(=O)c1ccccc1SC(F)(F)F,7.468521082957745,<rdkit.Chem.rdchem.Mol object at 0x1770a7370>,True,7,402.442,3.279700000000002,1,5,71.25,0.7200105379897378
3460,CHEMBL5853954,CCN(CCn1ncc(C(C)(C)O)n1)C(=O)c1ccccc1OC(F)(F)F,6.607303046740334,<rdkit.Chem.rdchem.Mol object at 0x1770a73e0>,True,7,386.374,2.5664000000000007,1,5,80.48,0.7911658102099612
3461,CHEMBL6049012,CCN(CCn1ncc(C(C)(C)O)n1)C(=O)c1ccccc1OC(C)C,6.838631997765025,<rdkit.Chem.rdchem.Mol object at 0x1770a7450>,True,8,360.4580000000001,2.455,1,5,80.48,0.7820416419798155
3467,CHEMBL5809543,CCN(CCn1nc(C)c(C(C)(C)O)n1)C(=O)c1ccccc1OC(F)F,7.455931955649724,<rdkit.Chem.rdchem.Mol object at 0x1770a76f0>,True,8,382.41100000000006,2.5776200000000005,1,5,80.48,0.7590441570351952
3468,CHEMBL5869772,CCN(CCn1nc(C)c(C(C)(C)O)n1)C(=O)c1ccccc1OC(F)(F)F,7.721246399047171,<rdkit.Chem.rdchem.Mol object at 0x1770a7760>,True,7,400.40100000000007,2.8748200000000015,1,5,80.48,0.7731330899369755
3469,CHEMBL6036165,CCOc1ccccc1C(=O)N(CC)CCn1nc(C)c(C(C)(C)O)n1,7.568636235841013,<rdkit.Chem.rdchem.Mol object at 0x1770a77d0>,True,8,360.4580000000001,2.374920000000001,1,5,80.48,0.7816473137274672
3470,CHEMBL5992191,CCN(CCn1nc(C)c(C(C)(C)O)n1)C(=O)c1ccccc1C1CC1,7.886056647693163,<rdkit.Chem.rdchem.Mol object at 0x1770a7840>,True,7,356.47000000000014,2.853620000000001,1,4,71.25,0.8279869888365123
3471,CHEMBL5817199,CCN(CCn1nc(C)c(C(C)(C)O)n1)C(=O)c1ccccc1-n1cccn1,7.552841968657781,<rdkit.Chem.rdchem.Mol object at 0x1770a78b0>,True,7,382.4680000000001,2.1619200000000003,1,5,89.07000000000001,0.676381084853076
3473,CHEMBL6024313,CCN(CCn1nc(C)c(C(C)(C)O)n1)C(=O)c1cccnc1-c1ccccc1,7.481486060122112,<rdkit.Chem.rdchem.Mol object at 0x1770a7990>,True,7,393.4910000000001,3.0382200000000017,1,5,84.14,0.6669538916672216
3474,CHEMBL5994904,CCCc1ccccc1C(=O)N(CC)CCn1nc(C)c(C(C)(C)O)n1,7.494850021680094,<rdkit.Chem.rdchem.Mol object at 0x1770a7a00>,True,8,358.48600000000005,2.9287200000000015,1,4,71.25,0.7874867516435379
3475,CHEMBL5933207,CCN(CCn1nc(C)c(C(C)(C)O)n1)C(=O)c1ccccc1OCC(F)(F)F,7.2839966563652006,<rdkit.Chem.rdchem.Mol object at 0x1770a7a70>,True,8,414.4280000000001,2.917320000000001,1,5,80.48,0.7185368170710023
3476,CHEMBL5923948,CCN(CCn1nc(C)c(C(C)(C)O)n1)C(=O)c1ccccc1CC(F)(F)F,7.431798275933005,<rdkit.Chem.rdchem.Mol object at 0x1770a7ae0>,True,7,398.4290000000001,3.0810200000000014,1,4,71.25,0.7781769084878164
3477,CHEMBL5792551,CCN(CCn1nc(C)c(C(C)(C)O)n1)C(=O)c1ccccc1OCC(F)F,7.455931955649724,<rdkit.Chem.rdchem.Mol object at 0x1770a7b50>,True,9,396.4380000000001,2.620120000000001,1,5,80.48,0.7048207574443729
3478,CHEMBL5891239,CCN(CCn1nc(C)c(C(C)(C)O)n1)C(=O)c1cccnc1CC(F)(F)F,6.568636235841013,<rdkit.Chem.rdchem.Mol object at 0x1770a7bc0>,True,7,399.4170000000001,2.476020000000001,1,5,84.14,0.7733562641447069
3479,CHEMBL5856761,CCN(CCn1nc(C)c(C(C)(C)O)n1)C(=O)c1ccccc1CC(F)F,8.0,<rdkit.Chem.rdchem.Mol object at 0x1770a7c30>,True,8,380.4390000000001,2.7838200000000013,1,4,71.25,0.7644788875852527
3480,CHEMBL5856313,CCN(CCn1nc(C)c(C(C)(C)O)n1)C(=O)c1ccccc1C1CC1(F)F,8.0,<rdkit.Chem.rdchem.Mol object at 0x1770a7ca0>,True,7,392.4500000000001,3.0988200000000017,1,4,71.25,0.7860566436684686
3482,CHEMBL5783069,CCN(CCn1nc(C)c(C(C)(C)O)n1)C(=O)c1ccccc1C1CCC1,7.886056647693163,<rdkit.Chem.rdchem.Mol object at 0x1770a7d80>,True,7,370.4970000000002,3.2437200000000024,1,4,71.25,0.8120920059460223
3483,CHEMBL5746383,CCN(CCn1nc(C)c(C(C)(C)O)n1)C(=O)c1ccccc1N1CCCC1,7.823908740944319,<rdkit.Chem.rdchem.Mol object at 0x1770a7df0>,True,7,385.5120000000002,2.5764200000000006,1,5,74.49,0.7928941953012133
3486,CHEMBL5807022,CCN(CCn1nc(C)c(C(C)(C)O)n1)C(=O)c1ncccc1-c1ccccc1,6.97469413473523,<rdkit.Chem.rdchem.Mol object at 0x1770a7f40>,True,7,393.4910000000001,3.0382200000000017,1,5,84.14,0.6669538916672216
3490,CHEMBL6052592,CCN(CCn1cc(C(C)(C)O)cn1)C(=O)c1ccccc1-n1nccn1,7.455931955649724,<rdkit.Chem.rdchem.Mol object at 0x1770f4190>,True,7,368.44100000000003,1.8535,1,5,89.07000000000001,0.6874661689215535
3491,CHEMBL5783739,CCN(CCn1ccc(C(C)(C)O)n1)C(=O)c1ccccc1-n1nccn1,7.638272163982407,<rdkit.Chem.rdchem.Mol object at 0x1770f4200>,True,7,368.44100000000003,1.8535,1,5,89.07000000000001,0.6874661689215535
3493,CHEMBL6003825,Cc1cc(C#N)cc(S[C@@H]2CC[C@@H](C)N(C(=O)c3ccccc3-n3nccn3)C2)n1,7.081445469449727,<rdkit.Chem.rdchem.Mol object at 0x1770f42e0>,True,4,418.5260000000001,3.6278000000000024,0,6,87.7,0.642932918982459
3496,CHEMBL5841945,C[C@@H]1CC[C@@H](Sc2ccccn2)CN1C(=O)c1ccccc1-n1nccn1,6.747146969020107,<rdkit.Chem.rdchem.Mol object at 0x1770f4430>,True,4,379.48900000000003,3.447700000000001,0,5,63.910000000000004,0.694702654917157
3499,CHEMBL5814895,Cc1ccnc(S[C@@H]2CC[C@@H](C)N(C(=O)c3ccccc3-n3nccn3)C2)c1C#N,7.616184634019569,<rdkit.Chem.rdchem.Mol object at 0x1770f44a0>,True,4,418.5260000000001,3.6278000000000015,0,6,87.7,0.642932918982459
3500,CHEMBL5854720,Cc1ccnc(S[C@@H]2CC[C@@H](C)N(C(=O)c3ccccc3-n3nccn3)C2)c1,7.698970004336019,<rdkit.Chem.rdchem.Mol object at 0x1770f4510>,True,4,393.5160000000001,3.756120000000002,0,5,63.910000000000004,0.6753430377466535
3503,CHEMBL5921761,C[C@@H]1CC[C@@H](Sc2cc(C#N)ccn2)CN1C(=O)c1c(F)cccc1-n1nccn1,7.289036881004725,<rdkit.Chem.rdchem.Mol object at 0x1770f4660>,True,4,422.4890000000001,3.4584800000000016,0,6,87.7,0.6398998497163652
3505,CHEMBL6029039,Cc1cccc(C(=O)N2C[C@H](Sc3cc(C#N)ccn3)CC[C@H]2C)c1-n1nccn1,7.841637507904751,<rdkit.Chem.rdchem.Mol object at 0x1770f4740>,True,4,418.5260000000002,3.6278000000000024,0,6,87.7,0.6429329189824587
3506,CHEMBL6006685,C[C@@H]1CC[C@@H](Sc2cc(C#N)ccn2)CN1C(=O)c1cccc(F)c1-n1nccn1,7.681936665037238,<rdkit.Chem.rdchem.Mol object at 0x1770f47b0>,True,4,422.4890000000001,3.4584800000000016,0,6,87.7,0.6398998497163652
3507,CHEMBL5900932,C[C@@H]1CC[C@@H](Sc2cc(C#N)ccn2)CN1C(=O)c1ccc(Cl)cc1-n1nccn1,7.809668301829708,<rdkit.Chem.rdchem.Mol object at 0x1770f4820>,True,4,438.9440000000001,3.972780000000003,0,6,87.7,0.6119341132006423
3508,CHEMBL5998577,C[C@@H]1CC[C@@H](Sc2cc(C#N)ccn2)CN1C(=O)c1ccc(F)cc1-n1nccn1,7.583359492661719,<rdkit.Chem.rdchem.Mol object at 0x1770f4890>,True,4,422.4890000000001,3.4584800000000016,0,6,87.7,0.6398998497163652
3509,CHEMBL5943745,Cc1ccc(C(=O)N2C[C@H](Sc3cc(C#N)ccn3)CC[C@H]2C)c(-n2nccn2)c1,7.309803919971486,<rdkit.Chem.rdchem.Mol object at 0x1770f4900>,True,4,418.5260000000002,3.6278000000000024,0,6,87.7,0.6429329189824587
3512,CHEMBL5941169,C[C@@H]1CC[C@@H](Sc2cc(C#N)ccn2)CN1C(=O)c1cc(Cl)ccc1-n1nccn1,6.669586226650809,<rdkit.Chem.rdchem.Mol object at 0x1770f4a50>,True,4,438.9440000000001,3.972780000000003,0,6,87.7,0.6119341132006423
3515,CHEMBL5907413,C[C@@H]1CC[C@@H](Sc2cc(C#N)ccn2)CN1C(=O)c1ccccc1C1CC1,7.73754891026957,<rdkit.Chem.rdchem.Mol object at 0x1770f4ba0>,True,4,377.51300000000015,4.616080000000004,0,4,56.99,0.7802536404094502
3516,CHEMBL6001639,C[C@@H]1CC[C@@H](Sc2cc(C#N)ccn2)CN1C(=O)c1ccccc1-c1cnn(C)c1,7.518557371497695,<rdkit.Chem.rdchem.Mol object at 0x1770f4c10>,True,4,417.5380000000001,4.139180000000003,0,5,74.81,0.6377621052645315
3517,CHEMBL5865869,C[C@@H]1CC[C@@H](Sc2cc(C#N)ccn2)CN1C(=O)c1cccnc1-c1ccccc1,7.1432711096171175,<rdkit.Chem.rdchem.Mol object at 0x1770f4c80>,True,4,414.5340000000001,4.800680000000004,0,5,69.88,0.6132198063956619
3518,CHEMBL5913392,CC(C)Oc1ccccc1C(=O)N1C[C@H](Sc2cc(C#N)ccn2)CC[C@H]1C,7.531652669587842,<rdkit.Chem.rdchem.Mol object at 0x1770f4cf0>,True,5,395.52800000000013,4.525880000000004,0,5,66.22,0.7442508514009947
3519,CHEMBL5803521,CSc1ccccc1C(=O)N1C[C@H](Sc2cc(C#N)ccn2)CC[C@H]1C,7.122628654130226,<rdkit.Chem.rdchem.Mol object at 0x1770f4d60>,True,4,383.54200000000014,4.460580000000005,0,5,56.99,0.7296878014550985
3520,CHEMBL5918085,C[C@@H]1CC[C@@H](Sc2cc(C#N)ccn2)CN1C(=O)c1ccccc1C1CCCCO1,7.436518914605589,<rdkit.Chem.rdchem.Mol object at 0x1770f4dd0>,True,4,421.56600000000026,4.980280000000005,0,5,66.22,0.6964499742815062
3521,CHEMBL5972603,C[C@@H]1CC[C@@H](Sc2cc(C#N)ccn2)CN1C(=O)c1ccccc1N1CCCC1,6.987162775294828,<rdkit.Chem.rdchem.Mol object at 0x1770f4e40>,True,4,406.55500000000023,4.338880000000004,0,5,60.230000000000004,0.7558990571974488
3522,CHEMBL5874558,C[C@@H]1CC[C@@H](Sc2cc(C#N)ccn2)CN1C(=O)c1ccsc1-c1ncccn1,7.721246399047171,<rdkit.Chem.rdchem.Mol object at 0x1770f4eb0>,True,4,421.5510000000001,4.2571800000000035,0,7,82.77,0.6259955579694206
3523,CHEMBL5789021,C[C@@H]1CC[C@@H](Sc2cc(C#N)ccn2)CN1C(=O)c1ccccc1-c1ncccn1,7.723538195826756,<rdkit.Chem.rdchem.Mol object at 0x1770f4f20>,True,4,415.5220000000001,4.195680000000003,0,6,82.77,0.6351863946320014
3524,CHEMBL5798940,C[C@@H]1CC[C@@H](Sc2cc(C#N)ccn2)CN1C(=O)c1sccc1-c1ncccn1,8.275724130399212,<rdkit.Chem.rdchem.Mol object at 0x1770f4f90>,True,4,421.5510000000001,4.2571800000000035,0,7,82.77,0.6259955579694206
3526,CHEMBL5765183,C[C@@H]1CC[C@@H](Sc2cc(C#N)ccn2)CN1C(=O)c1ccsc1-n1nccn1,7.72584215073632,<rdkit.Chem.rdchem.Mol object at 0x1770f5000>,True,4,410.5280000000001,3.380880000000002,0,7,87.7,0.655174395964447
3544,CHEMBL5909295,CC(O)c1cccc(O[C@@H]2CC[C@@H](C)N(C(=O)c3ccccc3-n3nccn3)C2)c1,7.008773924307505,<rdkit.Chem.rdchem.Mol object at 0x1770f55b0>,True,5,406.48600000000005,3.3927000000000014,1,5,80.48,0.7024949969933499
3546,CHEMBL5912535,CC(O)c1cccc(O[C@@H]2CC[C@@H](C)N(C(=O)c3ccccc3-c3ncccn3)C2)c1,6.924453038607469,<rdkit.Chem.rdchem.Mol object at 0x1770f5690>,True,5,417.50900000000007,4.269000000000003,1,5,75.55000000000001,0.6710085316864114
3548,CHEMBL5943040,C[C@@H]1CC[C@@H](Oc2cccc(C(C)(O)C(F)(F)F)c2)CN1C(=O)c1ccccc1-n1nccn1,7.050609993355087,<rdkit.Chem.rdchem.Mol object at 0x1770f5770>,True,5,474.4830000000002,4.109200000000003,1,5,80.48,0.6021779809620811
3549,CHEMBL6025001,C[C@@H]1CC[C@@H](Oc2cccc(C(C)(C)O)c2)CN1C(=O)c1ccccc1-n1nccn1,7.494850021680094,<rdkit.Chem.rdchem.Mol object at 0x1770f57e0>,True,5,420.5130000000001,3.5668000000000024,1,5,80.48,0.6825873442990374
3554,CHEMBL6005195,C[C@@H]1CC[C@@H](Oc2cccc(C(C)(O)C3CC3)c2)CN1C(=O)c1ccccc1-n1nccn1,7.443697499232712,<rdkit.Chem.rdchem.Mol object at 0x1770f5a10>,True,6,446.55100000000016,3.9569000000000027,1,5,80.48,0.6200392585225235
3557,CHEMBL5789313,CCC(C)(O)c1cccc(O[C@@H]2CC[C@@H](C)N(C(=O)c3ccccc3-n3nccn3)C2)c1,7.619788758288394,<rdkit.Chem.rdchem.Mol object at 0x1770f5b60>,True,6,434.5400000000001,3.9569000000000027,1,5,80.48,0.6352648992724371
3560,CHEMBL5825438,C[C@@H]1CC[C@@H](Oc2cccc3c2CCCC3O)CN1C(=O)c1ccccc1-n1nccn1,6.73754891026957,<rdkit.Chem.rdchem.Mol object at 0x1770f5c40>,True,4,432.52400000000006,3.709100000000003,1,5,80.48,0.6798559327223522
3561,CHEMBL5750771,C[C@@H]1CC[C@@H](Oc2ccc3c(c2)C(O)CC3)CN1C(=O)c1ccccc1-n1nccn1,7.096910013008056,<rdkit.Chem.rdchem.Mol object at 0x1770f5cb0>,True,4,418.49700000000007,3.3190000000000017,1,5,80.48,0.703088946980793
3562,CHEMBL6060002,C[C@@H]1CC[C@@H](Oc2cccc3c2CC[C@H]3O)CN1C(=O)c1ccccc1-n1nccn1,6.623423042943488,<rdkit.Chem.rdchem.Mol object at 0x1770f5d20>,True,4,418.49700000000007,3.3190000000000017,1,5,80.48,0.703088946980793
3563,CHEMBL5992588,C[C@@H]1CC[C@@H](Oc2cccc3c2CC[C@@H]3O)CN1C(=O)c1ccccc1-n1nccn1,7.6020599913279625,<rdkit.Chem.rdchem.Mol object at 0x1770f5d90>,True,4,418.49700000000007,3.3190000000000017,1,5,80.48,0.703088946980793
3564,CHEMBL5832492,C[C@@H]1CC[C@@H](Oc2ccc3c(c2)[C@H](O)CC3)CN1C(=O)c1ccccc1-n1nccn1,7.721246399047171,<rdkit.Chem.rdchem.Mol object at 0x1770f5e00>,True,4,418.49700000000007,3.3190000000000017,1,5,80.48,0.703088946980793
3566,CHEMBL5981533,C[C@@H]1CC[C@@H](Oc2cccc3c2CCC[C@@]3(C)O)CN1C(=O)c1ccccc1-n1nccn1,6.910094888560602,<rdkit.Chem.rdchem.Mol object at 0x1770f5e70>,True,4,446.5510000000001,3.883200000000003,1,5,80.48,0.6578417018281951
3567,CHEMBL5979261,C[C@@H]1CC[C@@H](Oc2cccc3c2CCC[C@]3(C)O)CN1C(=O)c1ccccc1-n1nccn1,7.698970004336019,<rdkit.Chem.rdchem.Mol object at 0x1770f5ee0>,True,4,446.5510000000001,3.883200000000003,1,5,80.48,0.6578417018281951
3569,CHEMBL5828238,C[C@@H]1CC[C@@H](Oc2cccc3c2CC[C@]3(C)O)CN1C(=O)c1ccccc1-n1nccn1,7.468521082957745,<rdkit.Chem.rdchem.Mol object at 0x1770f5f50>,True,4,432.52400000000006,3.4931000000000028,1,5,80.48,0.6826430578976752
3570,CHEMBL5862367,C[C@@H]1CC[C@@H](Oc2ccc3c(c2)C(C)(O)CC3)CN1C(=O)c1ccccc1-n1nccn1,7.638272163982407,<rdkit.Chem.rdchem.Mol object at 0x1770f5fc0>,True,4,432.52400000000006,3.4931000000000028,1,5,80.48,0.6826430578976752
3571,CHEMBL5884442,C[C@@H]1CC[C@@H](Oc2ccc3c(c2)[C@](C)(O)CC3)CN1C(=O)c1ccccc1-n1nccn1,6.950781977329818,<rdkit.Chem.rdchem.Mol object at 0x1770f6030>,True,4,432.52400000000006,3.4931000000000028,1,5,80.48,0.6826430578976752
3572,CHEMBL6062410,C[C@@H]1CC[C@@H](Oc2ccc3c(c2)[C@@](C)(O)CC3)CN1C(=O)c1ccccc1-n1nccn1,6.785156151952302,<rdkit.Chem.rdchem.Mol object at 0x1770f60a0>,True,4,432.52400000000006,3.4931000000000028,1,5,80.48,0.6826430578976752
3573,CHEMBL5902842,C[C@@H]1CC[C@@H](Oc2cccc(C(C)(O)C(F)F)c2)CN1C(=O)c1ccccc1-n1nccn1,7.7447274948966935,<rdkit.Chem.rdchem.Mol object at 0x1770f6110>,True,6,456.49300000000017,3.812000000000002,1,5,80.48,0.6102143195606249
3574,CHEMBL5910952,C[C@@H]1CC[C@@H](Oc2cccc(C(C)(C)O)c2)CN1C(=O)c1ccsc1-n1nccn1,7.346787486224656,<rdkit.Chem.rdchem.Mol object at 0x1770f6180>,True,5,426.5420000000001,3.628300000000003,1,6,80.48,0.6738924650313984
4570,CHEMBL6034815,CCOc1ccnc(O[C@@H]2CC[C@@H](C)N(C(=O)c3ccccc3-n3nccn3)C2)c1,7.688246138944246,<rdkit.Chem.rdchem.Mol object at 0x17760ba00>,True,6,407.47400000000005,3.1331000000000016,0,6,82.37,0.6243771910642818
4574,CHEMBL5890473,CC(C)Oc1ccnc(O[C@@H]2CC[C@@H](C)N(C(=O)c3ccccc3-n3nccn3)C2)c1,7.82102305270683,<rdkit.Chem.rdchem.Mol object at 0x17760bb50>,True,6,421.5010000000001,3.521600000000002,0,6,82.37,0.6056688838093307
4578,CHEMBL5926376,COc1ccnc(O[C@@H]2CC[C@@H](C)N(C(=O)c3cccc(F)c3-n3nccn3)C2)c1,7.8326826652518236,<rdkit.Chem.rdchem.Mol object at 0x17760bd10>,True,5,411.43700000000007,2.882100000000001,0,6,82.37,0.6421554410600905
4579,CHEMBL5888391,COc1ccnc(O[C@@H]2CC[C@@H](C)N(C(=O)c3ccccc3C3CC3)C2)c1,7.958607314841775,<rdkit.Chem.rdchem.Mol object at 0x17760bd80>,True,5,366.4610000000001,4.039700000000003,0,4,51.660000000000004,0.8013385564212883
4580,CHEMBL5914987,COc1ccnc(O[C@@H]2CC[C@@H](C)N(C(=O)c3ccccc3C(F)(F)F)C2)c1,7.250263684430939,<rdkit.Chem.rdchem.Mol object at 0x17760bdf0>,True,4,394.39300000000003,4.181100000000003,0,4,51.660000000000004,0.780744622133039
4581,CHEMBL5998607,CCOc1ccccc1C(=O)N1C[C@H](Oc2cc(OC)ccn2)CC[C@H]1C,7.458420756053419,<rdkit.Chem.rdchem.Mol object at 0x17760be60>,True,6,370.4490000000001,3.5610000000000026,0,5,60.89,0.7780324089981905
4583,CHEMBL6014935,COc1ccnc(O[C@@H]2CC[C@@H](C)N(C(=O)c3c(F)cccc3-n3nccn3)C2)c1,7.568636235841013,<rdkit.Chem.rdchem.Mol object at 0x17760bf40>,True,5,411.43700000000007,2.882100000000001,0,6,82.37,0.6421554410600905
4585,CHEMBL5905923,COc1ccnc(O[C@@H]2CC[C@@H](C)N(C(=O)c3ccc(F)cc3-n3nccn3)C2)c1,7.655607726314889,<rdkit.Chem.rdchem.Mol object at 0x1776400b0>,True,5,411.43700000000007,2.882100000000001,0,6,82.37,0.6421554410600905
4587,CHEMBL5871269,COc1ccnc(O[C@@H]2CC[C@@H](C)N(C(=O)c3ccc(OC)nc3C3CC3)C2)c1,7.416801226031377,<rdkit.Chem.rdchem.Mol object at 0x177640190>,True,6,397.4750000000002,3.4433000000000025,0,6,73.78,0.7433953522234296
4597,CHEMBL6025221,C[C@@H]1CC[C@@H](Oc2cc(OCC(F)F)ccn2)CN1C(=O)c1ccccc1C1(C#N)CC1,7.619788758288394,<rdkit.Chem.rdchem.Mol object at 0x177640580>,True,7,441.47800000000024,4.352780000000004,0,5,75.45,0.6385317685207279
4604,CHEMBL6059482,C[C@@H]1CC[C@@H](Oc2cc(OC3CC3)ccn2)CN1C(=O)c1ccccc1-n1nccn1,7.818156412055227,<rdkit.Chem.rdchem.Mol object at 0x177640890>,True,6,419.48500000000007,3.2756000000000016,0,6,82.37,0.6098902149203677
4611,CHEMBL5872823,COc1ccnc(O[C@@H]2CC[C@@H](C)N(C(=O)c3ccccc3-n3nccn3)C2)c1C,8.013228265733755,<rdkit.Chem.rdchem.Mol object at 0x177640ba0>,True,5,407.4740000000001,3.051420000000001,0,6,82.37,0.6465425232498397
4616,CHEMBL5750271,C[C@@H]1CC[C@@H](Oc2cc(OCF)ccn2)CN1C(=O)c1ccccc1-n1nccn1,8.096910013008056,<rdkit.Chem.rdchem.Mol object at 0x177640dd0>,True,6,411.43700000000007,3.0402000000000013,0,6,82.37,0.6201454717266969
4619,CHEMBL5865769,C[C@@H]1CC[C@@H](Oc2cc(OC(F)F)ccn2)CN1C(=O)c1ccccc1C1(C#N)CC1,7.958607314841775,<rdkit.Chem.rdchem.Mol object at 0x177640f20>,True,6,427.4510000000002,4.310280000000003,0,5,75.45,0.6867623365214011
4621,CHEMBL5805633,COc1ccnc(O[C@@H]2CC[C@@H](C)N(C(=O)c3ccsc3-c3ncccn3)C2)c1,7.6777807052660805,<rdkit.Chem.rdchem.Mol object at 0x177641000>,True,5,410.4990000000001,3.6808000000000023,0,7,77.44000000000001,0.6385524071327958
4622,CHEMBL5897644,COc1ccnc(O[C@@H]2CC[C@@H](C)N(C(=O)c3ccsc3-n3nccn3)C2)c1,7.958607314841775,<rdkit.Chem.rdchem.Mol object at 0x177641070>,True,5,399.47600000000006,2.804500000000001,0,7,82.37,0.6561406591589575
4625,CHEMBL5743723,CCOc1ccnc(O[C@@H]2CC[C@@H](C)N(C(=O)c3ccsc3-n3nccn3)C2)c1,7.657577319177793,<rdkit.Chem.rdchem.Mol object at 0x1776411c0>,True,6,413.50300000000004,3.194600000000002,0,7,82.37,0.6172301922212158
4686,CHEMBL5985456,C[C@@H]1CCC(c2nc(Br)co2)CN1C(=O)c1ccccc1-n1nccn1,6.860120913598763,<rdkit.Chem.rdchem.Mol object at 0x177641fc0>,True,3,416.2790000000001,3.4261000000000017,0,5,77.05,0.6540867425309876
4689,CHEMBL5803169,C[C@@H]1CC[C@@H](c2nc(C3CC3)co2)CN1C(=O)c1ccccc1-n1nccn1,7.327902142064283,<rdkit.Chem.rdchem.Mol object at 0x1776420a0>,True,4,377.448,3.541000000000002,0,5,77.05,0.6949348802911156
4701,CHEMBL5943328,C[C@@H]1CC[C@@H](c2nc(C(C)(C)C)co2)CN1C(=O)c1ccccc1-n1nccn1,7.221848749616356,<rdkit.Chem.rdchem.Mol object at 0x1776423b0>,True,3,393.49100000000004,3.9611000000000036,0,5,77.05,0.6730396333722929
4707,CHEMBL5934247,CCOc1ncccc1C(=O)N1C[C@H](c2nc(C(C)(C)O)c(C)o2)CC[C@H]1C,6.527243550682788,<rdkit.Chem.rdchem.Mol object at 0x177642570>,True,5,387.4800000000002,3.412420000000002,1,6,88.69,0.8456767811659651
4708,CHEMBL5899439,Cc1oc([C@@H]2CC[C@@H](C)N(C(=O)c3cccc4ccnn34)C2)nc1C(C)(C)O,6.958607314841775,<rdkit.Chem.rdchem.Mol object at 0x1776425e0>,True,3,382.4640000000001,3.2664200000000023,1,5,83.87,0.7515756162949837
4713,CHEMBL6040382,Cc1oc([C@@H]2CC[C@@H](C)N(C(=O)c3ccccc3OC(F)(F)F)C2)nc1C(C)(C)O,7.85078088734462,<rdkit.Chem.rdchem.Mol object at 0x177642730>,True,4,426.4350000000001,4.517320000000005,1,5,75.80000000000001,0.7782355077395264
4714,CHEMBL6028198,Cc1oc([C@@H]2CC[C@@H](C)N(C(=O)c3ccccc3OC(C)C)C2)nc1C(C)(C)O,7.690369832574102,<rdkit.Chem.rdchem.Mol object at 0x1776427a0>,True,5,400.5190000000002,4.4059200000000045,1,5,75.80000000000001,0.8046964977671449
4715,CHEMBL5881512,COc1ccccc1C(=O)N1C[C@H](c2nc(C(C)(C)O)c(C)o2)CC[C@H]1C,7.531652669587842,<rdkit.Chem.rdchem.Mol object at 0x177642810>,True,4,372.46500000000015,3.6273200000000028,1,5,75.8,0.8869128099742876
4717,CHEMBL5861235,Cc1oc([C@@H]2CC[C@@H](C)N(C(=O)c3nc(Cl)sc3C(C)C)C2)nc1C(C)(C)O,6.795880017344075,<rdkit.Chem.rdchem.Mol object at 0x177642880>,True,4,425.9820000000002,4.852020000000006,1,6,79.46000000000001,0.7566428054473792
4723,CHEMBL5910130,Cc1oc([C@@H]2CC[C@@H](C)N(C(=O)c3cccnc3OCC(F)F)C2)nc1C(C)(C)O,7.85078088734462,<rdkit.Chem.rdchem.Mol object at 0x177642b20>,True,6,423.46000000000015,3.6576200000000028,1,6,88.69000000000001,0.7629314120469666
4724,CHEMBL5893762,Cc1oc([C@@H]2CC[C@@H](C)N(C(=O)c3cccnc3OCC(F)(F)F)C2)nc1C(C)(C)O,7.756961951313706,<rdkit.Chem.rdchem.Mol object at 0x177642b90>,True,5,441.45000000000016,3.9548200000000038,1,6,88.69000000000001,0.7558622278777694
4725,CHEMBL5825455,Cc1oc([C@@H]2CC[C@@H](C)N(C(=O)c3cccnc3OC(C)C)C2)nc1C(C)(C)O,7.530177984021837,<rdkit.Chem.rdchem.Mol object at 0x177642c00>,True,5,401.5070000000002,3.8009200000000027,1,6,88.69000000000001,0.8197043950676182
4726,CHEMBL5921547,COCCc1ccccc1C(=O)N1C[C@H](c2nc(C(C)(C)O)c(C)o2)CC[C@H]1C,7.2441251443275085,<rdkit.Chem.rdchem.Mol object at 0x177642c70>,True,6,400.5190000000002,3.8076200000000027,1,5,75.8,0.7980012955543624
4756,CHEMBL5998059,C[C@@H]1CC[C@@H](c2ncc(C3CCC3)o2)CN1C(=O)c1ccccc1-n1nccn1,7.795880017344075,<rdkit.Chem.rdchem.Mol object at 0x177643530>,True,4,391.475,3.9311000000000025,0,5,77.05,0.6733703618210489
4757,CHEMBL5915370,C[C@@H]1CC[C@@H](c2ncc(C3CC3)o2)CN1C(=O)c1ccccc1-n1nccn1,7.481486060122112,<rdkit.Chem.rdchem.Mol object at 0x1776435a0>,True,4,377.448,3.541000000000002,0,5,77.05,0.6949348802911156
4759,CHEMBL5872620,CCn1cc([C@@H]2CC[C@@H](C)N(C(=O)c3ccccc3-n3nccn3)C2)cn1,6.856985199745905,<rdkit.Chem.rdchem.Mol object at 0x177643610>,True,4,364.4530000000001,2.8920000000000012,0,4,68.84,0.7137618793891327
4760,CHEMBL6040074,CC(C)n1cc([C@@H]2CC[C@@H](C)N(C(=O)c3ccccc3-n3nccn3)C2)cn1,7.468521082957745,<rdkit.Chem.rdchem.Mol object at 0x177643680>,True,4,378.4800000000001,3.453000000000002,0,4,68.84,0.6972051203053167
4761,CHEMBL5763981,C[C@@H]1CC[C@@H](c2cnn(CC3CC3)c2)CN1C(=O)c1ccccc1-n1nccn1,6.906578314837765,<rdkit.Chem.rdchem.Mol object at 0x1776436f0>,True,5,390.49100000000004,3.2821000000000016,0,4,68.84,0.6704013265083771
4762,CHEMBL5944974,C[C@@H]1CC[C@@H](c2cnn(C3CCCC3)c2)CN1C(=O)c1ccccc1-n1nccn1,7.4089353929735005,<rdkit.Chem.rdchem.Mol object at 0x177643760>,True,4,404.51800000000003,3.987200000000003,0,4,68.84,0.6593714045815934
4763,CHEMBL5824208,C[C@@H]1CC[C@@H](c2cnn(CC(F)(F)F)c2)CN1C(=O)c1ccccc1-n1nccn1,7.1249387366083,<rdkit.Chem.rdchem.Mol object at 0x1776437d0>,True,4,418.42300000000006,3.434400000000002,0,4,68.84,0.6510725963431248
4764,CHEMBL5903715,C[C@@H]1CC[C@@H](c2cnn(CC(F)F)c2)CN1C(=O)c1ccccc1-n1nccn1,6.73754891026957,<rdkit.Chem.rdchem.Mol object at 0x177643840>,True,5,400.43300000000005,3.1372000000000018,0,4,68.84,0.6599000136779999
4766,CHEMBL6041900,C[C@@H]1CC[C@@H](c2cnn(C3CCC3)c2)CN1C(=O)c1ccccc1-n1nccn1,7.309803919971486,<rdkit.Chem.rdchem.Mol object at 0x177643920>,True,4,390.49100000000004,3.597100000000003,0,4,68.84,0.682565621071562
4768,CHEMBL6025374,C[C@@H]1CC[C@@H](c2cnn(CC(C)(C)O)c2)CN1C(=O)c1ccccc1-n1nccn1,6.705533773838407,<rdkit.Chem.rdchem.Mol object at 0x177643990>,True,5,408.5060000000001,2.6430000000000007,1,5,89.07000000000001,0.701064000767579
4769,CHEMBL6028131,C[C@@H]1CC[C@@H](c2cnn(C3CC3)c2)CN1C(=O)c1ccccc1-n1nccn1,7.251811972993799,<rdkit.Chem.rdchem.Mol object at 0x177643a00>,True,4,376.464,3.2070000000000016,0,4,68.84,0.7011237913541329
4770,CHEMBL5876312,CC(C)n1cc([C@@H]2CC[C@@H](C)N(C(=O)c3ccsc3-n3nccn3)C2)cn1,6.521433504406157,<rdkit.Chem.rdchem.Mol object at 0x177643a70>,True,4,384.50900000000007,3.5145000000000026,0,5,68.84,0.6901547580538732
4771,CHEMBL6056070,CC(C)n1cc([C@@H]2CC[C@@H](C)N(C(=O)c3ccsc3-c3ncccn3)C2)cn1,6.809668301829708,<rdkit.Chem.rdchem.Mol object at 0x177643ae0>,True,4,395.5320000000001,4.390800000000004,0,5,63.910000000000004,0.6571126133944857
4773,CHEMBL5743304,CC(C)n1cc([C@@H]2CC[C@@H](C)N(C(=O)c3ccc(F)cc3-n3nccn3)C2)cn1,6.94692155651658,<rdkit.Chem.rdchem.Mol object at 0x177643b50>,True,4,396.4700000000001,3.592100000000002,0,4,68.84,0.6758114146828053
4774,CHEMBL5817605,CC(C)n1cc([C@@H]2CC[C@@H](C)N(C(=O)c3ccccc3-n3ncnn3)C2)cn1,6.586700235918748,<rdkit.Chem.rdchem.Mol object at 0x177643bc0>,True,4,379.4680000000001,2.8480000000000016,0,5,81.73,0.6961373853433531
4775,CHEMBL5810739,CCN(CCc1cc(C(C)(C)O)ccn1)C(=O)c1ccccc1-n1nccn1,7.161150909262744,<rdkit.Chem.rdchem.Mol object at 0x177643c30>,True,7,379.46400000000006,2.594500000000001,1,5,84.14,0.6820871793276541
4776,CHEMBL5912413,CCN(CCc1cccc(C(C)(C)O)n1)C(=O)c1ccccc1-n1nccn1,7.823908740944319,<rdkit.Chem.rdchem.Mol object at 0x177643ca0>,True,7,379.464,2.594500000000001,1,5,84.14,0.6820871793276542
4777,CHEMBL5740204,CCN(CCc1cccc(C(C)(C)O)n1)C(=O)c1cccnc1OC(C)C,6.876148359032914,<rdkit.Chem.rdchem.Mol object at 0x177643d10>,True,8,371.48100000000005,3.1960000000000015,1,5,75.55,0.7711554865815025
4778,CHEMBL5877394,CCOc1ncccc1C(=O)N(CC)CCc1cccc(C(C)(C)O)n1,6.686132779630847,<rdkit.Chem.rdchem.Mol object at 0x177643d80>,True,8,357.45400000000006,2.8075000000000014,1,5,75.55,0.7861450300458953
4779,CHEMBL5929181,CCN(CCc1cccc(C(C)(C)O)n1)C(=O)c1ccccc1OC(F)F,6.707743928643524,<rdkit.Chem.rdchem.Mol object at 0x177643df0>,True,8,378.419,3.6152000000000024,1,4,62.66,0.7621979044500167
4780,CHEMBL5943795,CCN(CCc1cccc(C(C)(C)O)n1)C(=O)c1ccccc1OC(F)(F)F,7.494850021680094,<rdkit.Chem.rdchem.Mol object at 0x177643e60>,True,7,396.409,3.9124000000000034,1,4,62.66,0.7708414714001602
4781,CHEMBL5909112,CCN(CCc1cccc(C(C)(C)O)n1)C(=O)c1cccnc1OCC(F)F,7.022276394711152,<rdkit.Chem.rdchem.Mol object at 0x177643ed0>,True,9,393.434,3.0527000000000015,1,5,75.55,0.7087358967046271
4782,CHEMBL5856433,CCN(CCc1cccc(C(C)(C)O)n1)C(=O)c1cccnc1OCC(F)(F)F,7.161150909262744,<rdkit.Chem.rdchem.Mol object at 0x177643f40>,True,8,411.42400000000004,3.3499000000000025,1,5,75.55,0.7211164658813849
4783,CHEMBL5885117,CCOc1ccccc1C(=O)N(CC)CCc1cccc(C(C)(C)O)n1,7.119186407719209,<rdkit.Chem.rdchem.Mol object at 0x177680040>,True,8,356.466,3.4125000000000028,1,4,62.66,0.7872149455079509
4784,CHEMBL5770340,CCN(CCc1cccc(C(C)(C)O)n1)C(=O)c1ccccc1-n1cccn1,7.180456064458132,<rdkit.Chem.rdchem.Mol object at 0x1776800b0>,True,7,378.476,3.1995000000000013,1,4,71.25,0.6853197654574169
4785,CHEMBL5891715,CCN(CCc1cccc(C(C)(C)O)n1)C(=O)c1ccc(F)cc1-n1nccn1,8.096910013008056,<rdkit.Chem.rdchem.Mol object at 0x177680120>,True,7,397.454,2.733600000000001,1,5,84.14,0.6627322968600811
4786,CHEMBL6015066,CCN(CCc1cccc(C(C)(C)O)n1)C(=O)c1cccnc1-c1ccccc1,6.987162775294828,<rdkit.Chem.rdchem.Mol object at 0x177680190>,True,7,389.499,4.075800000000004,1,4,66.32,0.6612980765794806
4787,CHEMBL6055484,CCN(CCc1cccc(C(C)(C)O)n1)C(=O)c1ccccc1C1CC1,7.366531544420414,<rdkit.Chem.rdchem.Mol object at 0x177680200>,True,7,352.47800000000007,3.891200000000003,1,3,53.43,0.8223354042858613
4788,CHEMBL6017361,CCCc1ccccc1C(=O)N(CC)CCc1cccc(C(C)(C)O)n1,6.982966660701219,<rdkit.Chem.rdchem.Mol object at 0x177680270>,True,8,354.494,3.9663000000000044,1,3,53.43000000000001,0.7803724713365237
4789,CHEMBL5741269,CCN(CCc1cccc(C(C)(C)O)n1)C(=O)c1ccccc1OCC(F)(F)F,6.583359492661719,<rdkit.Chem.rdchem.Mol object at 0x1776802e0>,True,8,410.43600000000004,3.954900000000003,1,4,62.66,0.7158010225572488
4790,CHEMBL5881166,CCN(CCc1cccc(C(C)(C)O)n1)C(=O)c1ccccc1CC(F)(F)F,6.950781977329818,<rdkit.Chem.rdchem.Mol object at 0x177680350>,True,7,394.437,4.118600000000003,1,3,53.43,0.7687132121427644
4791,CHEMBL5893761,CCN(CCc1cccc(C(C)(C)O)n1)C(=O)c1ccc(OC)nc1C1CC1,7.795880017344075,<rdkit.Chem.rdchem.Mol object at 0x1776803c0>,True,8,383.49200000000013,3.294800000000002,1,5,75.55,0.7569555091342237
4792,CHEMBL5786431,CCN(CCc1cccc(C(C)(C)O)n1)C(=O)c1ccccc1OCC(F)F,6.866461091629782,<rdkit.Chem.rdchem.Mol object at 0x177680430>,True,9,392.446,3.657700000000003,1,4,62.66,0.7075221514586445
4793,CHEMBL5899344,CCN(CCc1cccc(C(C)(C)O)n1)C(=O)c1ccccc1CC(F)F,6.847711655616943,<rdkit.Chem.rdchem.Mol object at 0x1776804a0>,True,8,376.447,3.8214000000000032,1,3,53.43,0.7619974350654746
4794,CHEMBL5881200,CCN(CCc1cccc(C(C)(C)O)n1)C(=O)c1cccnc1-n1cccn1,7.443697499232712,<rdkit.Chem.rdchem.Mol object at 0x177680510>,True,7,379.464,2.594500000000001,1,5,84.14,0.6820871793276542
4795,CHEMBL5786203,CCN(CCc1cccc(C(C)(C)O)n1)C(=O)c1ccccc1C1CCC1,7.468521082957745,<rdkit.Chem.rdchem.Mol object at 0x177680580>,True,7,366.5050000000001,4.281300000000003,1,3,53.43,0.795566574877512
4797,CHEMBL5766575,CCN(CCc1cccc(C(C)(C)O)n1)C(=O)c1ccccc1N1CCCC1,7.055517327849832,<rdkit.Chem.rdchem.Mol object at 0x1776805f0>,True,7,381.52000000000015,3.6140000000000025,1,4,56.67,0.7959324086226195
4799,CHEMBL5995262,CCN(CCc1cccc(C(C)(C)O)n1)C(=O)c1ccccc1C1CC1(F)F,7.853871964321762,<rdkit.Chem.rdchem.Mol object at 0x1776806d0>,True,7,388.458,4.136400000000004,1,3,53.43,0.7757525539084633
4800,CHEMBL5897879,CCN(CCc1cccc(C(C)(C)O)n1)C(=O)c1ccccc1-c1ncccn1,7.795880017344075,<rdkit.Chem.rdchem.Mol object at 0x177680740>,True,7,390.487,3.4708000000000023,1,5,79.21,0.6681997035083448
4801,CHEMBL5893840,CCN(CCc1ccc(C(C)(C)O)cn1)C(=O)c1ccccc1-n1nccn1,7.301029995663981,<rdkit.Chem.rdchem.Mol object at 0x1776807b0>,True,7,379.46400000000006,2.594500000000001,1,5,84.14,0.6820871793276541
4802,CHEMBL5831891,CCN(CCc1ccnc(C(C)(C)O)c1)C(=O)c1ccccc1-n1nccn1,6.906578314837765,<rdkit.Chem.rdchem.Mol object at 0x177680820>,True,7,379.46400000000006,2.594500000000001,1,5,84.14,0.6820871793276541
4803,CHEMBL5823250,CCN(CCc1cncc(Br)c1)C(=O)c1ccccc1-n1nccn1,6.818156412055227,<rdkit.Chem.rdchem.Mol object at 0x177680890>,True,6,400.2800000000001,3.1296000000000017,0,4,63.910000000000004,0.6379909951133179
4806,CHEMBL5850418,CCN(CCc1ncc(Br)cn1)C(=O)c1ccccc1-n1nccn1,7.0655015487564325,<rdkit.Chem.rdchem.Mol object at 0x1776809e0>,True,6,401.2680000000001,2.5246000000000004,0,5,76.80000000000001,0.6346140289096455
4809,CHEMBL5843768,CCN(CCc1cnc(Br)cn1)C(=O)c1ccccc1-n1nccn1,6.769551078621726,<rdkit.Chem.rdchem.Mol object at 0x177680b30>,True,6,401.2680000000001,2.5246000000000004,0,5,76.80000000000001,0.6346140289096455
4810,CHEMBL5828849,CCN(CCc1cc(C)c(Br)cn1)C(=O)c1ccccc1-n1nccn1,7.795880017344075,<rdkit.Chem.rdchem.Mol object at 0x177680ba0>,True,6,414.3070000000001,3.4380200000000016,0,4,63.910000000000004,0.620138331866916
4811,CHEMBL6014388,CCN(CCc1ccc(C)c(C(C)(C)O)n1)C(=O)c1ccccc1-n1nccn1,8.221848749616356,<rdkit.Chem.rdchem.Mol object at 0x177680c10>,True,7,393.49100000000004,2.902920000000001,1,5,84.14,0.6672035595472109
4812,CHEMBL6021019,CCN(CCc1ccc(C(C)(C)O)cn1)C(=O)c1cccnc1-n1cccn1,6.598599459218456,<rdkit.Chem.rdchem.Mol object at 0x177680c80>,True,7,379.46400000000006,2.594500000000001,1,5,84.14,0.6820871793276541
4813,CHEMBL5793024,CCN(CCc1ccc(C(C)(C)O)cn1)C(=O)c1ccccc1OC(F)(F)F,6.621602099051862,<rdkit.Chem.rdchem.Mol object at 0x177680cf0>,True,7,396.40900000000005,3.9124000000000034,1,4,62.66,0.7708414714001601
4814,CHEMBL5865567,CCN(CCc1ccc(C(C)(C)O)cn1)C(=O)c1ccccc1N1CCCC1,7.119186407719209,<rdkit.Chem.rdchem.Mol object at 0x177680d60>,True,7,381.5200000000002,3.6140000000000025,1,4,56.67,0.7959324086226195
4816,CHEMBL5961727,CCN(CCc1ccc(C(C)(C)O)cn1)C(=O)c1ccccc1-n1cccn1,6.73754891026957,<rdkit.Chem.rdchem.Mol object at 0x177680dd0>,True,7,378.47600000000006,3.1995000000000013,1,4,71.25,0.6853197654574169
4822,CHEMBL5743326,CCN(CCc1ccc(C(C)(C)O)cn1)C(=O)c1ccc(OC)nc1C1CC1,7.259637310505756,<rdkit.Chem.rdchem.Mol object at 0x177680e40>,True,8,383.4920000000002,3.294800000000002,1,5,75.55,0.7569555091342236
4823,CHEMBL5841654,CCN(CCc1ccc(C(C)(C)O)cn1)C(=O)c1ccccc1C1CC1,6.61261017366127,<rdkit.Chem.rdchem.Mol object at 0x177680eb0>,True,7,352.4780000000001,3.891200000000003,1,3,53.43,0.8223354042858612
4824,CHEMBL5908305,CCN(CCc1ccc(C(C)(C)O)cn1)C(=O)c1ccc(F)cc1-n1nccn1,7.585026652029182,<rdkit.Chem.rdchem.Mol object at 0x177680f20>,True,7,397.45400000000006,2.733600000000001,1,5,84.14,0.6627322968600812
4825,CHEMBL5919945,CCN(CCc1ccc(C(C)(C)O)cn1)C(=O)c1ccccc1C1CCC1,7.2076083105017466,<rdkit.Chem.rdchem.Mol object at 0x177680f90>,True,7,366.50500000000017,4.281300000000003,1,3,53.43,0.795566574877512
4826,CHEMBL5913804,CCN(CCc1ccc(C(C)(C)O)cn1)C(=O)c1ccccc1C1CC1(F)F,7.42021640338319,<rdkit.Chem.rdchem.Mol object at 0x177681000>,True,7,388.4580000000001,4.136400000000004,1,3,53.43,0.7757525539084632
4975,CHEMBL6060054,Cc1ccc(-n2nccn2)c(C(=O)N2CCC[C@H](C)[C@H]2CNc2ccc(C(F)(F)F)cn2)c1,6.886056647693163,<rdkit.Chem.rdchem.Mol object at 0x177681e00>,True,5,458.48800000000006,4.3423200000000035,1,5,75.94,0.6156191225731792
5167,CHEMBL5931933,CCOc1ncccc1C(=O)N1CCCC[C@@H]1Cc1nc(C(C)(C)O)c(C)o1,7.698970004336019,<rdkit.Chem.rdchem.Mol object at 0x1776821f0>,True,6,387.48000000000013,3.241520000000002,1,6,88.69,0.8185010826280241
5168,CHEMBL6044417,Cc1oc(C[C@H]2CCCCN2C(=O)c2ccccc2C2CC2)nc1C(C)(C)O,7.769551078621726,<rdkit.Chem.rdchem.Mol object at 0x177682260>,True,5,382.5040000000002,4.325220000000005,1,4,66.57000000000001,0.8359850972101524
5170,CHEMBL5952613,Cc1oc(C[C@H]2CCCCN2C(=O)c2cccnc2OCC(F)(F)F)nc1C(C)(C)O,7.721246399047171,<rdkit.Chem.rdchem.Mol object at 0x177682340>,True,6,441.45000000000016,3.7839200000000033,1,6,88.69000000000001,0.7340155633584343
5171,CHEMBL5807743,Cc1oc(C[C@H]2CCCCN2C(=O)c2cccnc2OC(C)C)nc1C(C)(C)O,7.443697499232712,<rdkit.Chem.rdchem.Mol object at 0x1776823b0>,True,6,401.5070000000002,3.630020000000003,1,6,88.69000000000001,0.7950877252855039
5172,CHEMBL5982701,Cc1oc(C[C@H]2CCCCN2C(=O)c2ccccc2N2CCCC2)nc1C(C)(C)O,7.292429823902063,<rdkit.Chem.rdchem.Mol object at 0x177682420>,True,5,411.5460000000003,4.048020000000005,1,5,69.81,0.8038433214000206
5173,CHEMBL5777076,CCOc1ccccc1C(=O)N1CCCC[C@@H]1Cc1nc(C(C)(C)O)c(C)o1,7.552841968657781,<rdkit.Chem.rdchem.Mol object at 0x177682490>,True,6,386.4920000000001,3.8465200000000035,1,5,75.8,0.8161159408503303
5174,CHEMBL5911896,Cc1oc(C[C@H]2CCCCN2C(=O)c2ccccc2OC(F)(F)F)nc1C(C)(C)O,6.962573502059376,<rdkit.Chem.rdchem.Mol object at 0x177682500>,True,5,426.4350000000001,4.346420000000005,1,5,75.80000000000001,0.7695877671149942
5175,CHEMBL5919160,Cc1oc(C[C@H]2CCCCN2C(=O)c2ccccc2-n2cccn2)nc1C(C)(C)O,7.292429823902063,<rdkit.Chem.rdchem.Mol object at 0x177682570>,True,5,408.5020000000001,3.633520000000003,1,5,84.39,0.6968280364973661
5177,CHEMBL5869531,Cc1oc(C[C@H]2CCCCN2C(=O)c2ccccc2CC(F)F)nc1C(C)(C)O,7.008773924307505,<rdkit.Chem.rdchem.Mol object at 0x1776825e0>,True,6,406.4730000000001,4.255420000000005,1,4,66.57000000000001,0.7786523281986151
5179,CHEMBL5771052,Cc1oc(C[C@H]2CCCCN2C(=O)c2cccnc2-c2ccccc2)nc1C(C)(C)O,7.42021640338319,<rdkit.Chem.rdchem.Mol object at 0x1776826c0>,True,5,419.52500000000015,4.509820000000005,1,5,79.46000000000001,0.6581879533327533
5180,CHEMBL5767063,Cc1oc(C[C@H]2CCCCN2C(=O)c2ccccc2OC(F)F)nc1C(C)(C)O,7.008773924307505,<rdkit.Chem.rdchem.Mol object at 0x177682730>,True,6,408.4450000000001,4.0492200000000045,1,5,75.80000000000001,0.7805052305844523
5181,CHEMBL5897144,Cc1oc(C[C@H]2CCCCN2C(=O)c2cccnc2OCC(F)F)nc1C(C)(C)O,7.309803919971486,<rdkit.Chem.rdchem.Mol object at 0x1776827a0>,True,7,423.46000000000015,3.486720000000003,1,6,88.69000000000001,0.7335004248098849
5182,CHEMBL5993401,Cc1oc(C[C@H]2CCCCN2C(=O)c2ccccc2OCC(F)(F)F)nc1C(C)(C)O,7.00436480540245,<rdkit.Chem.rdchem.Mol object at 0x177682810>,True,6,440.46200000000016,4.388920000000005,1,5,75.80000000000001,0.7212078457646238
5183,CHEMBL5754725,Cc1oc(C[C@H]2CCCCN2C(=O)c2ccccc2CC(F)(F)F)nc1C(C)(C)O,6.928117992693875,<rdkit.Chem.rdchem.Mol object at 0x177682880>,True,5,424.46300000000014,4.552620000000005,1,4,66.57000000000001,0.7646691889147624
5189,CHEMBL6034370,Cc1oc(C[C@H]2CCCCN2C(=O)c2ccccc2C2CCC2)nc1C(C)(C)O,6.943095148663527,<rdkit.Chem.rdchem.Mol object at 0x177682960>,True,5,396.53100000000023,4.7153200000000055,1,4,66.57000000000001,0.7943718715409974
5190,CHEMBL5851806,Cc1oc(C[C@H]2CCCCN2C(=O)c2ncccc2-c2ccccc2)nc1C(C)(C)O,6.896196279044043,<rdkit.Chem.rdchem.Mol object at 0x1776829d0>,True,5,419.52500000000015,4.509820000000005,1,5,79.46000000000001,0.6581879533327533
5192,CHEMBL5918693,Cc1oc(C[C@H]2CCCCN2C(=O)c2ccccc2C2CC2(F)F)nc1C(C)(C)O,7.42021640338319,<rdkit.Chem.rdchem.Mol object at 0x177682ab0>,True,5,418.48400000000015,4.570420000000006,1,4,66.57000000000001,0.7724721964615571
5194,CHEMBL5743289,CCCc1ccccc1C(=O)N1CCCC[C@@H]1Cc1nc(C(C)(C)O)c(C)o1,6.97469413473523,<rdkit.Chem.rdchem.Mol object at 0x177682b90>,True,6,384.5200000000001,4.400320000000005,1,4,66.57000000000001,0.8015055708535489
5198,CHEMBL5862423,Cc1cc(C)nc(N2CC[C@@H]3CCN(C(=O)c4ccccc4-n4nccn4)C[C@@H]32)n1,6.787812395596042,<rdkit.Chem.rdchem.Mol object at 0x177682d50>,True,3,403.49000000000007,2.41514,0,6,80.04,0.6681954673538211
5215,CHEMBL5845347,Cc1cc(N(C)C)nc(N2CC[C@@H]3CCN(C(=O)c4ccccc4-n4nccn4)C[C@@H]32)n1,7.019996628416254,<rdkit.Chem.rdchem.Mol object at 0x177682f10>,True,4,432.5320000000001,2.17272,0,7,83.28000000000002,0.6247796531448294
5239,CHEMBL5942495,CC(C)(O)c1csc(-c2ccccc2C(=O)N2CC[C@H]3CCN(n4nccn4)[C@H]3C2)n1,6.694648630553377,<rdkit.Chem.rdchem.Mol object at 0x177683060>,True,4,438.55700000000024,2.5016000000000007,1,7,87.38000000000001,0.673525404572669
5242,CHEMBL5930714,CC(C)(O)c1cccc(N2CC[C@@H]3CCN(C(=O)c4ccccc4-n4nccn4)C[C@@H]32)c1,7.313363730737707,<rdkit.Chem.rdchem.Mol object at 0x1776830d0>,True,4,431.5400000000001,3.2357000000000022,1,5,74.49000000000001,0.6865503133985311
5243,CHEMBL5877537,CC(C)(O)c1ccnc(N2CC[C@@H]3CCN(C(=O)c4ccccc4-n4nccn4)C[C@@H]32)c1,6.903089986991944,<rdkit.Chem.rdchem.Mol object at 0x177683140>,True,4,432.5280000000001,2.630700000000001,1,6,87.38000000000001,0.6820408687492236
5245,CHEMBL5787611,N#Cc1ccnc(N2CC[C@@H]3CCN(C(=O)c4cccnc4OCC(F)F)C[C@@H]32)c1,6.8326826652518236,<rdkit.Chem.rdchem.Mol object at 0x1776831b0>,True,5,413.4280000000001,2.733180000000001,0,6,82.35000000000001,0.7497579649154608
5247,CHEMBL5935448,N#Cc1ccnc(N2CC[C@@H]3CCN(C(=O)c4ccccc4OC(F)(F)F)C[C@@H]32)c1,7.101823516502323,<rdkit.Chem.rdchem.Mol object at 0x177683290>,True,3,416.4030000000001,3.592880000000002,0,5,69.46000000000001,0.7649681997360348
5251,CHEMBL6048953,CCOc1ccccc1C(=O)N1CC[C@H]2CCN(c3cc(C#N)ccn3)[C@H]2C1,6.958607314841775,<rdkit.Chem.rdchem.Mol object at 0x1776833e0>,True,4,376.46000000000004,3.0929800000000016,0,5,69.46000000000001,0.8201112676326572
5252,CHEMBL5957074,CCCc1ccccc1C(=O)N1CC[C@H]2CCN(c3cc(C#N)ccn3)[C@H]2C1,7.2262135550188065,<rdkit.Chem.rdchem.Mol object at 0x177683450>,True,4,374.48800000000006,3.6467800000000024,0,4,60.230000000000004,0.8196087430536512
5253,CHEMBL5946478,N#Cc1ccnc(N2CC[C@@H]3CCN(C(=O)c4ccccc4CC(F)(F)F)C[C@@H]32)c1,7.317854923626168,<rdkit.Chem.rdchem.Mol object at 0x1776834c0>,True,3,414.4310000000001,3.7990800000000027,0,4,60.230000000000004,0.7667055820102636
5255,CHEMBL5797750,N#Cc1ccnc(N2CC[C@@H]3CCN(C(=O)c4cccnc4-c4ccccc4)C[C@@H]32)c1,7.027797161620936,<rdkit.Chem.rdchem.Mol object at 0x1776835a0>,True,3,409.4930000000001,3.756280000000003,0,5,73.12,0.6586293375022976
5257,CHEMBL5899917,N#Cc1ccnc(N2CC[C@@H]3CCN(C(=O)c4cccnc4OCC(F)(F)F)C[C@@H]32)c1,6.913640169325252,<rdkit.Chem.rdchem.Mol object at 0x177683610>,True,4,431.4180000000001,3.030380000000002,0,6,82.35000000000001,0.7402987606405179
5260,CHEMBL5997601,N#Cc1ccnc(N2CC[C@@H]3CCN(C(=O)c4ccccc4OCC(F)F)C[C@@H]32)c1,6.856985199745905,<rdkit.Chem.rdchem.Mol object at 0x177683680>,True,5,412.4400000000001,3.338180000000002,0,5,69.46000000000001,0.7535110822941685
5262,CHEMBL5829216,N#Cc1ccnc(N2CC[C@@H]3CCN(C(=O)c4ccccc4C4CC4)C[C@@H]32)c1,7.088309841246139,<rdkit.Chem.rdchem.Mol object at 0x1776836f0>,True,3,372.47200000000015,3.5716800000000024,0,4,60.230000000000004,0.8263483594421068
5264,CHEMBL5895419,N#Cc1ccnc(N2CC[C@@H]3CCN(C(=O)c4ccccc4-n4cccn4)C[C@@H]32)c1,6.59176003468815,<rdkit.Chem.rdchem.Mol object at 0x177683760>,True,3,398.4700000000001,2.8799800000000015,0,5,78.05,0.677932660874388
5265,CHEMBL5963978,N#Cc1ccnc(N2CC[C@@H]3CCN(C(=O)c4ccccc4C4CCC4)C[C@@H]32)c1,7.507239610973162,<rdkit.Chem.rdchem.Mol object at 0x1776837d0>,True,3,386.4990000000002,3.9617800000000027,0,4,60.230000000000004,0.8010374299225104
5266,CHEMBL5990640,N#Cc1ccnc(N2CC[C@@H]3CCN(C(=O)c4ccccc4N4CCCC4)C[C@@H]32)c1,7.004803708402821,<rdkit.Chem.rdchem.Mol object at 0x177683840>,True,3,401.51400000000024,3.294480000000002,0,5,63.470000000000006,0.7897098523822537
5272,CHEMBL5800770,N#Cc1ccnc(N2CC[C@@H]3CCN(C(=O)c4ccccc4C4CC4(F)F)C[C@@H]32)c1,7.3585258894959,<rdkit.Chem.rdchem.Mol object at 0x177683920>,True,3,408.4520000000001,3.816880000000003,0,4,60.230000000000004,0.7748567968461888
5273,CHEMBL5764084,N#Cc1ccnc(N2CC[C@@H]3CCN(C(=O)c4ccccc4-c4ccccc4)C[C@@H]32)c1,7.002176919254275,<rdkit.Chem.rdchem.Mol object at 0x177683990>,True,3,408.5050000000001,4.361280000000003,0,4,60.230000000000004,0.6460281633015675
5311,CHEMBL5965351,C[C@@H]1CC[C@@H](c2noc(C(C)(C)C)n2)CN1C(=O)c1ccccc1-n1nccn1,7.5376020021010435,<rdkit.Chem.rdchem.Mol object at 0x1776fc820>,True,3,394.47900000000004,3.3561000000000023,0,6,89.94,0.6766002088839266
5312,CHEMBL5910527,CCc1nc([C@@H]2CC[C@@H](C)N(C(=O)c3ccccc3-n3nccn3)C2)no1,6.501689446210399,<rdkit.Chem.rdchem.Mol object at 0x1776fc890>,True,4,366.42500000000007,2.6210000000000004,0,6,89.94000000000001,0.7049733814244524
5313,CHEMBL6046807,CC(C)c1nc([C@@H]2CC[C@@H](C)N(C(=O)c3ccccc3-n3nccn3)C2)no1,7.552841968657781,<rdkit.Chem.rdchem.Mol object at 0x1776fc900>,True,4,380.4520000000001,3.182000000000002,0,6,89.94000000000001,0.6904406191472705
5324,CHEMBL6058385,C[C@@H]1CC[C@@H](c2noc(C(C)(C)O)n2)CN1C(=O)c1ccccc1OC(F)(F)F,7.0655015487564325,<rdkit.Chem.rdchem.Mol object at 0x1776fcdd0>,True,4,413.3960000000001,3.603900000000003,1,6,88.69000000000001,0.8239916161428793
5327,CHEMBL5846831,C[C@@H]1CC[C@@H](c2noc(C(C)(C)O)n2)CN1C(=O)c1ccccc1OC(F)F,6.853871964321762,<rdkit.Chem.rdchem.Mol object at 0x1776fcf20>,True,5,395.40600000000006,3.306700000000002,1,6,88.69000000000001,0.8356570758275416
5328,CHEMBL5862398,CCOc1ccccc1C(=O)N1C[C@H](c2noc(C(C)(C)O)n2)CC[C@H]1C,6.906578314837765,<rdkit.Chem.rdchem.Mol object at 0x1776fcf90>,True,5,373.45300000000015,3.104000000000002,1,6,88.69,0.8662518738298295
5334,CHEMBL5883935,C[C@@H]1CC[C@@H](c2nc(C(C)(C)C)no2)CN1C(=O)c1ccccc1-n1nccn1,7.060480747381382,<rdkit.Chem.rdchem.Mol object at 0x1776fd230>,True,3,394.47900000000004,3.3561000000000023,0,6,89.94,0.6766002088839266
5335,CHEMBL5939934,CC(C)c1noc([C@@H]2CC[C@@H](C)N(C(=O)c3ccccc3-n3nccn3)C2)n1,6.906578314837765,<rdkit.Chem.rdchem.Mol object at 0x1776fd2a0>,True,4,380.45200000000006,3.1820000000000013,0,6,89.94,0.6904406191472706
5339,CHEMBL5767341,CC(C)Oc1ncccc1C(=O)N1C[C@H](c2nsc(C(C)(C)O)n2)CC[C@H]1C,6.525783735923745,<rdkit.Chem.rdchem.Mol object at 0x1776fd3f0>,True,5,404.5360000000002,3.3560000000000025,1,7,88.44,0.8220428864483864
5345,CHEMBL6017797,C[C@@H]1CC[C@@H](c2nsc(C(C)(C)O)n2)CN1C(=O)c1ccccc1OC(F)F,6.614393726401688,<rdkit.Chem.rdchem.Mol object at 0x1776fd620>,True,5,411.47400000000005,3.7752000000000026,1,6,75.55000000000001,0.8105485335087185
5346,CHEMBL5825120,CCOc1ccccc1C(=O)N1C[C@H](c2nsc(C(C)(C)O)n2)CC[C@H]1C,6.835647144215563,<rdkit.Chem.rdchem.Mol object at 0x1776fd690>,True,5,389.5210000000002,3.5725000000000025,1,6,75.55,0.8459742468370242
5347,CHEMBL5901193,C[C@@H]1CC[C@@H](c2nsc(C(C)(C)O)n2)CN1C(=O)c1ccccc1OCC(F)(F)F,6.906578314837765,<rdkit.Chem.rdchem.Mol object at 0x1776fd700>,True,5,443.4910000000001,4.114900000000003,1,6,75.55000000000001,0.7526735409692615
5348,CHEMBL5939525,C[C@@H]1CC[C@@H](c2nsc(C(C)(C)O)n2)CN1C(=O)c1ccccc1OC(F)(F)F,7.275724130399211,<rdkit.Chem.rdchem.Mol object at 0x1776fd770>,True,4,429.46400000000006,4.072400000000004,1,6,75.55000000000001,0.7930061314594646
5352,CHEMBL5891592,COC(C)(C)c1nc([C@@H]2CC[C@@H](C)N(C(=O)c3ccccc3-n3nccn3)C2)ns1,7.4089353929735005,<rdkit.Chem.rdchem.Mol object at 0x1776fd930>,True,5,426.54600000000005,3.4086000000000025,0,7,86.03,0.6214592262938452
5358,CHEMBL5837042,CCCc1ccccc1C(=O)N1CC2CN(c3nc(C(C)(C)O)c(C)o3)CC2C1,7.494850021680094,<rdkit.Chem.rdchem.Mol object at 0x1776fda80>,True,5,397.5190000000002,3.3713200000000025,1,5,69.81,0.8376734515316473
5359,CHEMBL5987584,Cc1oc(N2CC3CN(C(=O)c4ccccc4OCC(F)(F)F)CC3C2)nc1C(C)(C)O,6.782516055786093,<rdkit.Chem.rdchem.Mol object at 0x1776fdaf0>,True,5,453.46100000000024,3.359920000000003,1,6,79.04,0.7481883154893678
5362,CHEMBL6015556,Cc1oc(N2CC3CN(C(=O)c4cccnc4CC(F)(F)F)CC3C2)nc1C(C)(C)O,7.337242168318426,<rdkit.Chem.rdchem.Mol object at 0x1776fdc40>,True,4,438.45000000000016,2.918620000000002,1,6,82.7,0.7906173549684957
5363,CHEMBL5845889,Cc1oc(N2CC3CN(C(=O)c4ccccc4C4CC4)CC3C2)nc1C(C)(C)O,7.060480747381382,<rdkit.Chem.rdchem.Mol object at 0x1776fdcb0>,True,4,395.5030000000002,3.296220000000002,1,5,69.81,0.8602327492378061
5364,CHEMBL6053682,Cc1oc(N2CC3CN(C(=O)c4ccccc4C4CCC4)CC3C2)nc1C(C)(C)O,7.638272163982407,<rdkit.Chem.rdchem.Mol object at 0x1776fdd20>,True,4,409.53000000000026,3.6863200000000034,1,5,69.81,0.8340976877121713
5365,CHEMBL5947681,Cc1oc(N2CC3CN(C(=O)c4ccccc4N4CCCC4)CC3C2)nc1C(C)(C)O,7.309803919971486,<rdkit.Chem.rdchem.Mol object at 0x1776fdd90>,True,4,424.54500000000036,3.0190200000000016,1,6,73.05000000000001,0.8134786887511459
5366,CHEMBL5974942,Cc1oc(N2CC3CN(C(=O)c4ccccc4-n4cccn4)CC3C2)nc1C(C)(C)O,7.142667503568732,<rdkit.Chem.rdchem.Mol object at 0x1776fde00>,True,4,421.5010000000002,2.6045200000000013,1,6,87.63000000000001,0.6968192605836261
5371,CHEMBL6057283,Cc1oc(N2CC3CN(C(=O)c4cccnc4-c4ccccc4)CC3C2)nc1C(C)(C)O,7.221848749616356,<rdkit.Chem.rdchem.Mol object at 0x1776fe030>,True,4,432.5240000000002,3.4808200000000027,1,6,82.7,0.6797218560986821
5374,CHEMBL5850123,Cc1oc(N2CC3CN(C(=O)c4ccccc4OC(F)F)CC3C2)nc1C(C)(C)O,6.995678626217358,<rdkit.Chem.rdchem.Mol object at 0x1776fe180>,True,5,421.4440000000002,3.0202200000000023,1,6,79.04,0.799712044059296
5375,CHEMBL5743513,Cc1oc(N2CC3CN(C(=O)c4ccccc4CC(F)(F)F)CC3C2)nc1C(C)(C)O,6.638272163982407,<rdkit.Chem.rdchem.Mol object at 0x1776fe1f0>,True,4,437.46200000000016,3.5236200000000024,1,5,69.81,0.7927642091146342
5376,CHEMBL6028176,Cc1oc(N2CC3CN(C(=O)c4ccccc4C4CC4(F)F)CC3C2)nc1C(C)(C)O,7.657577319177793,<rdkit.Chem.rdchem.Mol object at 0x1776fe260>,True,4,431.4830000000002,3.5414200000000027,1,5,69.81,0.8020384164994888
5531,CHEMBL5997654,CCN(CCN(C)c1nc(C)cc(C)n1)C(=O)c1ccccc1-n1nccn1,7.437707135543525,<rdkit.Chem.rdchem.Mol object at 0x1776fe2d0>,True,7,379.4680000000001,2.27264,0,6,80.04,0.6264962277925942
5533,CHEMBL6034319,CCN(CCN(C)c1nc(C)cc(C)n1)C(=O)c1cccc(C2CC2)c1,7.578396073130169,<rdkit.Chem.rdchem.Mol object at 0x1776fe340>,True,7,352.48200000000014,3.569340000000002,0,4,49.330000000000005,0.7642832699514848
5534,CHEMBL5763064,CCN(CCN(C)c1nc(C)cc(C)n1)C(=O)c1cccnc1OC(C)C,7.096910013008056,<rdkit.Chem.rdchem.Mol object at 0x1776fe3b0>,True,8,371.4850000000001,2.8741400000000015,0,6,71.45,0.7104947692030849
5535,CHEMBL5979062,CCOc1ncccc1C(=O)N(CC)CCN(C)c1nc(C)cc(C)n1,7.166852888087215,<rdkit.Chem.rdchem.Mol object at 0x1776fe420>,True,8,357.4580000000001,2.48564,0,6,71.45,0.7227392483371015
5536,CHEMBL5786954,CCN(CCN(C)c1nc(C)cc(C)n1)C(=O)c1ccccc1OC(F)(F)F,8.0268721464003,<rdkit.Chem.rdchem.Mol object at 0x1776fe490>,True,7,396.41300000000007,3.5905400000000025,0,5,58.56,0.7159477797102353
5537,CHEMBL5808544,CCN(CCN(C)c1nc(C)cc(C)n1)C(=O)c1ccccc1OC(F)F,7.732828271596986,<rdkit.Chem.rdchem.Mol object at 0x1776fe500>,True,8,378.42300000000006,3.2933400000000024,0,5,58.56,0.705492134208145
5538,CHEMBL6018832,CCN(CCN(C)c1nc(C)cc(C)n1)C(=O)c1cccnc1-c1ccccc1,7.578396073130169,<rdkit.Chem.rdchem.Mol object at 0x1776fe570>,True,7,389.5030000000001,3.7539400000000027,0,5,62.220000000000006,0.6157519228263101
5539,CHEMBL6056662,CCN(CCN(C)c1nc(C)cc(C)n1)C(=O)c1cccnc1OCC(F)F,7.391473966422806,<rdkit.Chem.rdchem.Mol object at 0x1776fe5e0>,True,9,393.4380000000001,2.7308400000000015,0,6,71.45,0.6524255908576206
5540,CHEMBL5950904,CCN(CCN(C)c1nc(C)cc(C)n1)C(=O)c1cccnc1OCC(F)(F)F,7.703334809738469,<rdkit.Chem.rdchem.Mol object at 0x1776fe650>,True,8,411.4280000000001,3.0280400000000016,0,6,71.45,0.6650833273032563
5541,CHEMBL5904157,CCN(CCN(C)c1nc(C)cc(C)n1)C(=O)c1ccc(F)cc1-n1nccn1,7.8996294548824375,<rdkit.Chem.rdchem.Mol object at 0x1776fe6c0>,True,7,397.4580000000001,2.411740000000001,0,6,80.04,0.6091443154763896
5542,CHEMBL5765204,CCOc1ccccc1C(=O)N(CC)CCN(C)c1nc(C)cc(C)n1,7.795880017344075,<rdkit.Chem.rdchem.Mol object at 0x1776fe730>,True,8,356.47,3.0906400000000014,0,5,58.56,0.7273675979102295
5543,CHEMBL5845767,CCN(CCN(C)c1nc(C)cc(C)n1)C(=O)c1ccccc1-n1cccn1,7.856985199745905,<rdkit.Chem.rdchem.Mol object at 0x1776fe7a0>,True,7,378.4800000000001,2.8776400000000013,0,5,67.15,0.6323872295661086
5545,CHEMBL5743794,CCCc1ccccc1C(=O)N(CC)CCN(C)c1nc(C)cc(C)n1,7.701146923590294,<rdkit.Chem.rdchem.Mol object at 0x1776fe810>,True,8,354.49800000000005,3.644440000000003,0,4,49.330000000000005,0.7260384749972442
5546,CHEMBL5806838,CCN(CCN(C)c1nc(C)cc(C)n1)C(=O)c1ccccc1OCC(F)(F)F,7.950781977329818,<rdkit.Chem.rdchem.Mol object at 0x1776fe880>,True,8,410.4400000000001,3.633040000000003,0,5,58.56,0.6652206649521377
5547,CHEMBL5957046,CCN(CCN(C)c1nc(C)cc(C)n1)C(=O)c1ccccc1CC(F)(F)F,7.441291429466834,<rdkit.Chem.rdchem.Mol object at 0x1776fe8f0>,True,7,394.4410000000001,3.7967400000000033,0,4,49.330000000000005,0.7168991826868224
5548,CHEMBL5921275,CCN(CCN(C)c1nc(C)cc(C)n1)C(=O)c1ccc(OC)nc1C1CC1,7.493494967595128,<rdkit.Chem.rdchem.Mol object at 0x1776fe960>,True,8,383.4960000000002,2.9729400000000012,0,6,71.45,0.6978659013238402
5549,CHEMBL6037138,CCN(CCN(C)c1nc(C)cc(C)n1)C(=O)c1ccccc1OCC(F)F,8.036212172654444,<rdkit.Chem.rdchem.Mol object at 0x1776fe9d0>,True,9,392.4500000000001,3.335840000000002,0,5,58.56,0.6551605193583165
5552,CHEMBL5742709,CCN(CCN(C)c1nc(C)cc(C)n1)C(=O)c1ccccc1CC(F)F,7.022733787572707,<rdkit.Chem.rdchem.Mol object at 0x1776feab0>,True,8,376.4510000000001,3.4995400000000023,0,4,49.330000000000005,0.7075715976924101
5553,CHEMBL6034341,CCN(CCN(C)c1nc(C)cc(C)n1)C(=O)c1cccnc1-n1cccn1,7.892790030352131,<rdkit.Chem.rdchem.Mol object at 0x1776feb20>,True,7,379.4680000000001,2.272640000000001,0,6,80.04,0.6264962277925942
5555,CHEMBL5901893,CCN(CCN(C)c1nc(C)cc(C)n1)C(=O)c1ccccc1C1CCC1,7.690369832574102,<rdkit.Chem.rdchem.Mol object at 0x1776feb90>,True,7,366.5090000000002,3.9594400000000034,0,4,49.330000000000005,0.7441575877423879
5556,CHEMBL6005031,CCN(CCN(C)c1nc(C)cc(C)n1)C(=O)c1ncccc1-c1ccccc1,7.903089986991944,<rdkit.Chem.rdchem.Mol object at 0x1776fec00>,True,7,389.5030000000001,3.7539400000000027,0,5,62.220000000000006,0.6157519228263101
5558,CHEMBL5937751,CCN(CCN(C)c1nc(C)cc(C)n1)C(=O)c1ccccc1C1CC1(F)F,7.723538195826756,<rdkit.Chem.rdchem.Mol object at 0x1776fece0>,True,7,388.4620000000001,3.8145400000000027,0,4,49.330000000000005,0.7236843111198922
5559,CHEMBL6004828,CCN(CCN(C)c1nc(C)cc(C)n1)C(=O)c1ccccc1N1CCCC1,7.732828271596986,<rdkit.Chem.rdchem.Mol object at 0x1776fed50>,True,7,381.5240000000002,3.2921400000000025,0,5,52.57000000000001,0.7365944794394879
5561,CHEMBL5815510,CCN(CCN(C)c1nc(C)cc(C)n1)C(=O)c1ccccc1-c1ncccn1,7.709965388637482,<rdkit.Chem.rdchem.Mol object at 0x1776fee30>,True,7,390.4910000000001,3.1489400000000023,0,6,75.11000000000001,0.6168972382790991
5562,CHEMBL5870453,CCN(CCN(C)c1nc(C)cc(C)n1)C(=O)c1nccnc1-c1ccccn1,7.638272163982407,<rdkit.Chem.rdchem.Mol object at 0x1776feea0>,True,7,391.4790000000001,2.54394,0,7,88.00000000000001,0.6114189947784352
5575,CHEMBL6040599,CCN(CCN(C)c1cc(C#N)ccn1)C(=O)c1ccccc1OC(F)(F)F,7.235077015350112,<rdkit.Chem.rdchem.Mol object at 0x1776ff290>,True,7,392.38100000000003,3.450380000000002,0,5,69.46,0.7219509264122002
5582,CHEMBL5967565,CCN(CCN(C)c1cc(C#N)ccn1)C(=O)c1ccccc1-c1cnccn1,7.638272163982407,<rdkit.Chem.rdchem.Mol object at 0x1776ff370>,True,7,386.45900000000006,3.0087800000000016,0,6,86.01,0.6204033821124203
5583,CHEMBL6004861,CCN(CCN(C)c1cc(C#N)ccn1)C(=O)c1ccccc1-n1cccn1,7.304518323509803,<rdkit.Chem.rdchem.Mol object at 0x1776ff3e0>,True,7,374.44800000000004,2.7374800000000006,0,5,78.05,0.6353791027347194
5584,CHEMBL5806834,CCN(CCN(C)c1cc(C#N)ccn1)C(=O)c1ccccc1OCCF,7.315154638355588,<rdkit.Chem.rdchem.Mol object at 0x1776ff450>,True,9,370.4280000000001,2.900080000000001,0,5,69.46,0.6788172625998192
5585,CHEMBL5746891,CCN(CCN(C)c1cc(C#N)ccn1)C(=O)c1ccccc1OCC(F)(F)F,7.111259039317107,<rdkit.Chem.rdchem.Mol object at 0x1776ff4c0>,True,8,406.4080000000001,3.492880000000002,0,5,69.46,0.671298375969544
5593,CHEMBL5751764,CCN(CCN(C)c1cc(C#N)ccn1)C(=O)c1ccccc1N1CCCC1,7.497572880015567,<rdkit.Chem.rdchem.Mol object at 0x1776ff610>,True,7,377.4920000000002,3.151980000000002,0,5,63.47,0.7416457869227838
5597,CHEMBL5829776,CCN(CCN(C)c1cc(C#N)ccn1)C(=O)c1ccccc1C1(C#N)CC1,7.723538195826756,<rdkit.Chem.rdchem.Mol object at 0x1776ff680>,True,7,373.46000000000015,3.1069600000000017,0,5,84.02,0.7444753480330301
5616,CHEMBL6043005,CCN(CCN(C)c1nccc(C(C)(C)O)n1)C(=O)c1ccccc1OC(F)F,7.30715308072277,<rdkit.Chem.rdchem.Mol object at 0x1776ffd80>,True,9,408.4490000000001,2.903900000000001,1,6,78.79,0.6874595494878913
5617,CHEMBL5952750,CCCc1ccccc1C(=O)N(CC)CCN(C)c1nccc(C(C)(C)O)n1,7.882728704344236,<rdkit.Chem.rdchem.Mol object at 0x1776ffdf0>,True,9,384.52400000000006,3.255000000000002,1,5,69.56,0.7186082633537133
5618,CHEMBL5905038,CCN(CCN(C)c1nccc(C(C)(C)O)n1)C(=O)c1ccccc1OCC(F)(F)F,7.494850021680094,<rdkit.Chem.rdchem.Mol object at 0x1776ffe60>,True,9,440.4660000000002,3.2436000000000016,1,6,78.79,0.6451036529344858
5619,CHEMBL5890528,CCN(CCN(C)c1nccc(C(C)(C)O)n1)C(=O)c1ccccc1CC(F)(F)F,7.7447274948966935,<rdkit.Chem.rdchem.Mol object at 0x1776ffed0>,True,8,424.46700000000016,3.407300000000002,1,5,69.56,0.7034595840396864
5620,CHEMBL5880260,CCN(CCN(C)c1nccc(C(C)(C)O)n1)C(=O)c1ccccc1OCC(F)F,7.752026733638194,<rdkit.Chem.rdchem.Mol object at 0x1776fff40>,True,10,422.47600000000017,2.9464000000000015,1,6,78.79,0.6343548530680306
5621,CHEMBL5904817,CCN(CCN(C)c1nccc(C(C)(C)O)n1)C(=O)c1cccnc1CC(F)(F)F,6.747146969020107,<rdkit.Chem.rdchem.Mol object at 0x177668040>,True,8,425.45500000000015,2.8023000000000007,1,6,82.45,0.7004994300932482
5622,CHEMBL5807661,CCN(CCN(C)c1nccc(C(C)(C)O)n1)C(=O)c1ccccc1CC(F)F,7.686132779630847,<rdkit.Chem.rdchem.Mol object at 0x1776680b0>,True,9,406.47700000000015,3.110100000000002,1,5,69.56,0.6930308625824021
5623,CHEMBL5959709,CCN(CCN(C)c1nccc(C(C)(C)O)n1)C(=O)c1ccccc1C1CC1,8.040958607678906,<rdkit.Chem.rdchem.Mol object at 0x177668120>,True,8,382.5080000000002,3.1799000000000017,1,5,69.56,0.7593257152667802
5624,CHEMBL5972297,CCN(CCN(C)c1nccc(C(C)(C)O)n1)C(=O)c1ccccc1C1CC1(F)F,7.772113295386326,<rdkit.Chem.rdchem.Mol object at 0x177668190>,True,8,418.48800000000017,3.4251000000000023,1,5,69.56,0.7114270383967545
5625,CHEMBL5896555,CCN(CCN(C)c1nccc(C(C)(C)O)n1)C(=O)c1ccccc1OC(F)(F)F,8.0,<rdkit.Chem.rdchem.Mol object at 0x177668200>,True,8,426.43900000000014,3.201100000000002,1,6,78.79,0.6985631223349561
5628,CHEMBL5923996,CCN(CCN(C)c1nccc(C(C)(C)O)n1)C(=O)c1cccnc1-c1ccccc1,7.275724130399211,<rdkit.Chem.rdchem.Mol object at 0x177668350>,True,8,419.52900000000017,3.3645000000000023,1,6,82.45,0.6028587961571636
5629,CHEMBL5909171,CCN(CCN(C)c1nccc(C(C)(C)O)n1)C(=O)c1ncccc1-c1ccccc1,7.638272163982407,<rdkit.Chem.rdchem.Mol object at 0x1776683c0>,True,8,419.52900000000017,3.3645000000000014,1,6,82.45,0.6028587961571636
5633,CHEMBL5792813,CCN(CCN(C)c1cccc(C(C)(C)O)n1)C(=O)c1ccccc1-n1nccn1,7.906578314837765,<rdkit.Chem.rdchem.Mol object at 0x177668580>,True,8,408.5060000000001,2.488200000000001,1,6,87.38000000000001,0.616189632542977
5634,CHEMBL5908362,CCN(CCN(C)c1cccc(C(C)(C)O)n1)C(=O)c1ccccc1OCC(F)F,6.747146969020107,<rdkit.Chem.rdchem.Mol object at 0x1776685f0>,True,10,421.4880000000001,3.5514000000000028,1,5,65.9,0.6356238097557592
5636,CHEMBL5794218,CCN(CCN(C)c1cccc(C(C)(C)O)n1)C(=O)c1ccccc1-n1cccn1,7.0301183562535,<rdkit.Chem.rdchem.Mol object at 0x1776686d0>,True,8,407.5180000000001,3.0932000000000013,1,5,74.49000000000001,0.6211124809040074
5638,CHEMBL6014534,CCN(CCN(C)c1cccc(C(C)(C)O)n1)C(=O)c1ccccc1OC(F)(F)F,7.132532512140949,<rdkit.Chem.rdchem.Mol object at 0x177668740>,True,8,425.4510000000001,3.8061000000000025,1,5,65.9,0.6969399470401068
5639,CHEMBL6004384,CCN(CCN(C)c1cccc(C(C)(C)O)n1)C(=O)c1ccccc1C1CC1,7.270025714300444,<rdkit.Chem.rdchem.Mol object at 0x1776687b0>,True,8,381.52000000000015,3.784900000000003,1,4,56.67,0.7559181570466617
5640,CHEMBL5941360,CCN(CCN(C)c1cccc(C(C)(C)O)n1)C(=O)c1ccccc1OC(F)F,6.696803942579511,<rdkit.Chem.rdchem.Mol object at 0x177668820>,True,9,407.46100000000007,3.5089000000000024,1,5,65.9,0.6891884243571936
5641,CHEMBL5971246,CCN(CCN(C)c1cccc(C(C)(C)O)n1)C(=O)c1cccnc1OCC(F)(F)F,6.51427857351842,<rdkit.Chem.rdchem.Mol object at 0x177668890>,True,9,440.4660000000001,3.2436000000000016,1,6,78.79,0.6451036529344858
5642,CHEMBL5845445,CCN(CCN(C)c1cccc(C(C)(C)O)n1)C(=O)c1cccnc1OCC(F)F,6.6307841425898575,<rdkit.Chem.rdchem.Mol object at 0x177668900>,True,10,422.4760000000001,2.9464000000000015,1,6,78.79,0.6343548530680309
5644,CHEMBL5990843,CCOc1ccccc1C(=O)N(CC)CCN(C)c1cccc(C(C)(C)O)n1,6.812479279163537,<rdkit.Chem.rdchem.Mol object at 0x177668970>,True,9,385.50800000000004,3.3062000000000027,1,5,65.9,0.7173732600020769
5646,CHEMBL5998157,CCN(CCN(C)c1cccc(C(C)(C)O)n1)C(=O)c1ccccc1C1CC1(F)F,7.438898616350944,<rdkit.Chem.rdchem.Mol object at 0x1776689e0>,True,8,417.5000000000001,4.030100000000004,1,4,56.67,0.7046682351015079
5650,CHEMBL5868793,CCN(CCN(C)c1cccc(C(C)(C)O)n1)C(=O)c1cccnc1-n1cccn1,6.982966660701219,<rdkit.Chem.rdchem.Mol object at 0x177668b30>,True,8,408.5060000000001,2.488200000000001,1,6,87.38000000000001,0.616189632542977
5658,CHEMBL5801607,C[C@@H]1CC[C@@H](c2cc(C(C)(C)O)on2)CN1C(=O)c1cccnc1OCC(F)(F)F,6.6439741428068775,<rdkit.Chem.rdchem.Mol object at 0x177668cf0>,True,5,427.42300000000006,3.6464000000000025,1,6,88.69000000000001,0.7837976849285823
5670,CHEMBL5792341,COC(C)(C)c1cc([C@@H]2CC[C@@H](C)N(C(=O)c3ccccc3-n3nccn3)C2)no1,7.5638373529592435,<rdkit.Chem.rdchem.Mol object at 0x1776690e0>,True,5,409.49000000000007,3.5451000000000024,0,6,86.28,0.6405784411058737
5674,CHEMBL5949359,CCOc1ncccc1C(=O)N1C[C@H](c2cc(C(C)(C)O)no2)CC[C@H]1C,6.5718652059712115,<rdkit.Chem.rdchem.Mol object at 0x177669230>,True,5,373.45300000000015,3.104000000000002,1,6,88.69,0.8662518738298295
5677,CHEMBL5757815,C[C@@H]1CC[C@@H](c2cc(C(C)(C)O)no2)CN1C(=O)c1ccccc1-c1ccccc1,7.640164517660112,<rdkit.Chem.rdchem.Mol object at 0x177669310>,True,4,404.51000000000005,4.977300000000005,1,4,66.57000000000001,0.666125304045374
5682,CHEMBL5816536,CCOc1ccccc1C(=O)N1C[C@H](c2cc(C(C)(C)O)no2)CC[C@H]1C,6.749579997691106,<rdkit.Chem.rdchem.Mol object at 0x177669460>,True,5,372.4650000000001,3.709000000000003,1,5,75.8,0.8658250472240636
5684,CHEMBL5878099,C[C@@H]1CC[C@@H](c2cc(C(C)(C)O)no2)CN1C(=O)c1cccnc1-c1ccccc1,6.872895201635193,<rdkit.Chem.rdchem.Mol object at 0x177669540>,True,4,405.49800000000005,4.372300000000004,1,5,79.46000000000001,0.6970948693131305
5685,CHEMBL5862628,C[C@@H]1CC[C@@H](c2cc(C(C)(C)O)no2)CN1C(=O)c1ncccc1-c1ccccc1,6.578396073130169,<rdkit.Chem.rdchem.Mol object at 0x1776695b0>,True,4,405.49800000000005,4.372300000000004,1,5,79.46000000000001,0.6970948693131305
5686,CHEMBL5797737,C[C@@H]1CC[C@@H](c2cc(C(C)(C)O)no2)CN1C(=O)c1ccccc1OCC(F)F,6.853871964321762,<rdkit.Chem.rdchem.Mol object at 0x177669620>,True,6,408.44500000000005,3.9542000000000037,1,5,75.80000000000001,0.7832406723621701
5687,CHEMBL5794134,CC(C)(O)c1cc([C@@H]2CCCN(C(=O)c3ccccc3OCC(F)(F)F)C2)on1,6.673664139071248,<rdkit.Chem.rdchem.Mol object at 0x177669690>,True,5,412.40800000000013,3.8629000000000033,1,5,75.8,0.8071612956741245
5689,CHEMBL6042660,C[C@@H]1CC[C@@H](c2cc(C(C)(C)O)no2)CN1C(=O)c1ccccc1C1CC1(F)F,7.280668713016273,<rdkit.Chem.rdchem.Mol object at 0x177669700>,True,4,404.45700000000005,4.432900000000004,1,4,66.57000000000001,0.8185661877042351
5707,CHEMBL5949269,C[C@@H]1CC[C@@H](c2cc(C3CCCO3)no2)CN1C(=O)c1ccccc1-n1nccn1,6.507239610973162,<rdkit.Chem.rdchem.Mol object at 0x177669cb0>,True,4,407.47400000000005,3.515100000000002,0,6,86.28000000000002,0.6577762815511797
5708,CHEMBL5930387,COC(C)(C)c1cc([C@@H]2CC[C@@H](C)N(C(=O)c3ccccc3-n3nccn3)C2)on1,7.841637507904751,<rdkit.Chem.rdchem.Mol object at 0x177669d20>,True,5,409.49000000000007,3.5451000000000024,0,6,86.28,0.6405784411058737
5709,CHEMBL5880229,C[C@@H]1CC[C@@H](c2cc(C(C)(C)O)sn2)CN1C(=O)c1ccccc1-n1nccn1,7.856985199745905,<rdkit.Chem.rdchem.Mol object at 0x177669d90>,True,4,411.53100000000006,3.3595000000000024,1,6,84.14,0.7116397360136232
5710,CHEMBL5831670,C[C@@H]1CC[C@@H](c2cc(C(C)(C)O)sn2)CN1C(=O)c1ccsc1-n1nccn1,7.603800652904264,<rdkit.Chem.rdchem.Mol object at 0x177669e00>,True,4,417.56000000000006,3.421000000000002,1,7,84.14,0.7031171885740999
5712,CHEMBL5799835,C[C@@H]1CC[C@@H](c2cc(C(C)(C)O)sn2)CN1C(=O)c1ccc(F)cc1-n1nccn1,7.730487055782084,<rdkit.Chem.rdchem.Mol object at 0x177669ee0>,True,4,429.5210000000001,3.4986000000000024,1,6,84.14,0.6862748066032899
5713,CHEMBL5819678,C[C@@H]1CC[C@@H](c2cc(C(C)(C)O)sn2)CN1C(=O)c1ccccc1C1(C#N)CC1,7.718966632752273,<rdkit.Chem.rdchem.Mol object at 0x177669f50>,True,4,409.5550000000002,4.333980000000004,1,5,77.22,0.8150861943472066
5714,CHEMBL6058064,C[C@@H]1CC[C@@H](c2cc(C(C)(C)O)sn2)CN1C(=O)c1ccccc1-c1ncccn1,7.373659632624958,<rdkit.Chem.rdchem.Mol object at 0x177669fc0>,True,4,422.5540000000001,4.235800000000004,1,6,79.21000000000001,0.6804237876230156
5715,CHEMBL6063126,C[C@@H]1CC[C@@H](c2cc(C(C)(C)O)sn2)CN1C(=O)c1ccsc1-c1ncccn1,7.434152181326482,<rdkit.Chem.rdchem.Mol object at 0x17766a030>,True,4,428.5830000000001,4.297300000000004,1,7,79.21000000000001,0.6702844585235195
5716,CHEMBL5929429,C[C@@H]1CC[C@@H](c2cc(C(C)(C)O)sn2)CN1C(=O)c1cscc1-c1ncccn1,7.329754146925876,<rdkit.Chem.rdchem.Mol object at 0x17766a0a0>,True,4,428.5830000000001,4.2973000000000035,1,7,79.21000000000001,0.6702844585235195
5717,CHEMBL5954682,CC(C)(O)c1cc([C@@H]2CCCN(C(=O)c3cscc3-n3nccn3)C2)ns1,7.675717544702307,<rdkit.Chem.rdchem.Mol object at 0x17766a110>,True,4,403.5330000000001,3.0325000000000015,1,7,84.14,0.7238168052642102
5719,CHEMBL5774594,C[C@@H]1CC[C@@H](c2cc(C(C)(C)O)sn2)CN1C(=O)c1cccnc1OCC(F)(F)F,7.642065152999546,<rdkit.Chem.rdchem.Mol object at 0x17766a1f0>,True,5,443.4910000000001,4.114900000000004,1,6,75.55000000000001,0.7526735409692615
5720,CHEMBL5844807,C[C@@H]1CC[C@@H](c2cc(C(C)(C)O)sn2)CN1C(=O)c1cccnc1OCC(F)F,7.368556230986828,<rdkit.Chem.rdchem.Mol object at 0x17766a260>,True,6,425.5010000000001,3.817700000000003,1,6,75.55000000000001,0.7616183723748127
5746,CHEMBL5781192,CCN(CCc1nc(C(C)(C)O)c(C)o1)C(=O)c1ccccc1-c1ccccc1,7.5376020021010435,<rdkit.Chem.rdchem.Mol object at 0x17766a2d0>,True,7,392.4990000000001,4.582220000000004,1,4,66.57,0.638954285689931
5755,CHEMBL5917588,CCN(CCc1nc(C(C)(C)O)c(C)o1)C(=O)c1cccnc1OCC(F)F,6.649751981665837,<rdkit.Chem.rdchem.Mol object at 0x17766a5e0>,True,9,397.4220000000001,2.9541200000000014,1,6,88.69,0.6998936755868447
5761,CHEMBL5747506,CCN(CCc1nc(C(C)(C)O)c(C)o1)C(=O)c1cccnc1OCC(F)(F)F,7.008773924307505,<rdkit.Chem.rdchem.Mol object at 0x17766a810>,True,8,415.4120000000001,3.2513200000000024,1,6,88.69,0.712105774944695
5762,CHEMBL5794274,CCN(CCc1nc(C(C)(C)O)c(C)o1)C(=O)c1ccccc1CC(F)(F)F,6.675717544702307,<rdkit.Chem.rdchem.Mol object at 0x17766a880>,True,7,398.42500000000007,4.020020000000003,1,4,66.57,0.7650809045858111
5763,CHEMBL5803398,CCOc1ccccc1C(=O)N(CC)CCc1nc(C(C)(C)O)c(C)o1,6.651695136951839,<rdkit.Chem.rdchem.Mol object at 0x17766a8f0>,True,8,360.45400000000006,3.313920000000002,1,5,75.8,0.7814838280894382
5765,CHEMBL5815615,CCN(CCc1nc(C(C)(C)O)c(C)o1)C(=O)c1ccccc1-n1cccn1,6.534617148551582,<rdkit.Chem.rdchem.Mol object at 0x17766a960>,True,7,382.46400000000006,3.100920000000002,1,5,84.39,0.6787093130373779
5766,CHEMBL5894806,CCN(CCc1nc(C(C)(C)O)c(C)o1)C(=O)c1ccccc1C1(C(F)F)CC1,6.838631997765025,<rdkit.Chem.rdchem.Mol object at 0x17766a9d0>,True,8,406.4730000000001,4.211920000000004,1,4,66.57,0.7131317288065174
5783,CHEMBL5792135,C[C@@H]1CC[C@@H](Oc2nccn3ccnc23)CN1C(=O)c1ccccc1CC(F)(F)F,7.297569463554475,<rdkit.Chem.rdchem.Mol object at 0x17766aff0>,True,4,418.4190000000001,3.906200000000003,0,4,59.730000000000004,0.6448075685435997
5784,CHEMBL5923248,CCCc1ccccc1C(=O)N1C[C@H](Oc2nccn3ccnc23)CC[C@H]1C,7.496209316942819,<rdkit.Chem.rdchem.Mol object at 0x17766b060>,True,5,378.4760000000001,3.7539000000000025,0,4,59.730000000000004,0.6783334704383911
5789,CHEMBL5797250,Cc1cn2ccnc(O[C@@H]3CC[C@@H](C)N(C(=O)c4ccccc4C4(C#N)CC4)C3)c2n1,7.87942606879415,<rdkit.Chem.rdchem.Mol object at 0x17766b290>,True,4,415.4970000000002,3.6650000000000027,0,5,83.52,0.6492659758052144
5808,CHEMBL5739632,C[C@@H]1CC[C@@H](Oc2nccn3c(Cl)cnc23)CN1C(=O)c1ccccc1C1(C#N)CC1,8.022276394711152,<rdkit.Chem.rdchem.Mol object at 0x17766ba00>,True,4,435.91500000000025,4.009980000000003,0,5,83.52000000000001,0.6178171866996975
5852,CHEMBL5796820,C[C@@H]1CC[C@@H](Oc2nccn3ccnc23)CN1C(=O)c1ccccc1C1(C#N)CC1,7.844663962534938,<rdkit.Chem.rdchem.Mol object at 0x1776b4cf0>,True,4,401.4700000000002,3.356580000000002,0,5,83.52000000000001,0.6693801738820031
5859,CHEMBL5915339,COC(=O)c1ccccc1C(=O)N1C[C@H](Oc2nccn3ccnc23)CC[C@H]1C,7.354577730650908,<rdkit.Chem.rdchem.Mol object at 0x1776b4f20>,True,4,394.4310000000001,2.588000000000001,0,6,86.03,0.632479244022747
5861,CHEMBL5930397,CCOc1ccccc1C(=O)N1C[C@H](Oc2nccn3ccnc23)CC[C@H]1C,7.284832642151542,<rdkit.Chem.rdchem.Mol object at 0x1776b5000>,True,5,380.4480000000001,3.2001000000000017,0,5,68.96,0.6798798200930609
5863,CHEMBL5892620,CC(C)Oc1ncccc1C(=O)N1C[C@H](Oc2nccn3ccnc23)CC[C@H]1C,7.308918507877031,<rdkit.Chem.rdchem.Mol object at 0x1776b5070>,True,5,395.46300000000014,2.983600000000001,0,6,81.85,0.660575835145835
5864,CHEMBL5911387,CC(C)Oc1ccccc1C(=O)N1C[C@H](Oc2nccn3ccnc23)CC[C@H]1C,7.361510743045363,<rdkit.Chem.rdchem.Mol object at 0x1776b50e0>,True,5,394.47500000000014,3.5886000000000022,0,5,68.96,0.6614905142189887
5874,CHEMBL5773780,CCOc1ccccc1C(=O)N1C[C@H](Oc2ccnc3ocnc23)CC[C@H]1C,7.61261017366127,<rdkit.Chem.rdchem.Mol object at 0x1776b5540>,True,5,381.43200000000013,3.6936000000000027,0,6,77.69,0.6706833328007116
6220,CHEMBL5915593,CCNC(=O)N1[C@H](C)C[C@H](NCc2ccc(OC)cc2)[C@@H]1COc1ccc(C(F)(F)F)cc1,6.931814138253839,<rdkit.Chem.rdchem.Mol object at 0x1776b5d20>,True,8,465.51600000000013,4.443500000000003,2,4,62.83000000000001,0.6051067680358595
6221,CHEMBL5862033,COC(=O)N1[C@H](C)C[C@H](NCc2ccc(OC)cc2)[C@@H]1COc1ccc(C(C)C)cc1,7.714442690992226,<rdkit.Chem.rdchem.Mol object at 0x1776b5d90>,True,8,426.5570000000002,4.585000000000004,1,5,60.03,0.6692756518565912
6222,CHEMBL5794606,COC(=O)N1[C@H](C)C[C@H](NS(C)(=O)=O)[C@@H]1CO[C@H]1CC[C@@H](C(C)C)CC1,7.752026733638194,<rdkit.Chem.rdchem.Mol object at 0x1776b5e00>,True,6,390.5460000000002,2.3648,1,5,84.94000000000001,0.7525097484723067
6238,CHEMBL5789236,COC(=O)N1[C@H](C)C[C@H](NS(C)(=O)=O)[C@@H]1CO[C@H]1CC[C@@H](c2cc(F)ccc2F)CC1,8.777283528852417,<rdkit.Chem.rdchem.Mol object at 0x1776b5fc0>,True,6,460.54300000000023,3.154600000000002,1,5,84.94000000000001,0.7050673757977318
6239,CHEMBL5983329,COC(=O)N1[C@H](C)C[C@H](NS(=O)(=O)N(C)C)[C@@H]1CO[C@H]1CC[C@@H](c2cc(F)ccc2F)CC1,9.327902142064282,<rdkit.Chem.rdchem.Mol object at 0x1776b6030>,True,7,489.5850000000003,3.001400000000001,1,5,88.18,0.6363050929447229
6241,CHEMBL5865218,COC(=O)N1[C@H](C)C[C@H](NS(=O)(=O)N(C)C)[C@@H]1CO[C@H]1CC[C@@H](c2ccccc2F)CC1,9.036212172654444,<rdkit.Chem.rdchem.Mol object at 0x1776b6110>,True,7,471.5950000000003,2.862300000000001,1,5,88.18,0.6607620889304239
6242,CHEMBL5075103,COC(=O)N1[C@H](C)C[C@H](NS(C)(=O)=O)[C@@H]1CO[C@H]1CC[C@@H](c2cccc(F)c2)CC1,9.0,<rdkit.Chem.rdchem.Mol object at 0x1776b6180>,True,6,442.5530000000002,3.015500000000002,1,5,84.94000000000001,0.7321155109825965
6244,CHEMBL6065547,COC(=O)N1[C@H](C)C[C@H](NS(=O)(=O)CF)[C@@H]1CO[C@H]1CC[C@@H](c2cccc(F)c2)CC1,9.036212172654444,<rdkit.Chem.rdchem.Mol object at 0x1776b61f0>,True,7,460.5430000000003,3.312700000000002,1,5,84.94000000000001,0.6749183944507715
6246,CHEMBL5878850,COC(=O)N1[C@H](C)C[C@H](NS(C)(=O)=O)[C@@H]1CO[C@H]1CC[C@@H](c2ccccc2C(F)(F)F)CC1,8.16621562534352,<rdkit.Chem.rdchem.Mol object at 0x1776b6260>,True,6,492.56000000000023,3.8952000000000035,1,5,84.94000000000001,0.651342864912635
6247,CHEMBL5929235,COC(=O)N1[C@H](C)C[C@H](NS(C)(=O)=O)[C@@H]1CO[C@H]1CC[C@@H](c2c(F)ccc(F)c2F)CC1,8.97061622231479,<rdkit.Chem.rdchem.Mol object at 0x1776b62d0>,True,6,478.53300000000024,3.293700000000002,1,5,84.94000000000001,0.634617689125587
6248,CHEMBL5998442,COC(=O)N1[C@H](C)C[C@H](NS(=O)(=O)CF)[C@@H]1CO[C@H]1CC[C@@H](c2ccccc2)CC1,9.031517051446064,<rdkit.Chem.rdchem.Mol object at 0x1776b6340>,True,7,442.5530000000003,3.1736000000000013,1,5,84.94000000000001,0.7011484802692086
6249,CHEMBL5771365,COC(=O)N1[C@H](C)C[C@H](NS(=O)(=O)N(C)C)[C@@H]1CO[C@@H]1CC[C@H](c2ccccc2)CC1F,7.966576244513051,<rdkit.Chem.rdchem.Mol object at 0x1776b63b0>,True,7,471.59500000000025,2.6712000000000016,1,5,88.18,0.6606661459062025
6250,CHEMBL5916499,COC(=O)N1[C@H](C)C[C@H](NS(=O)(=O)N(C)C)[C@@H]1CO[C@@H]1CC[C@H](c2cccc(F)c2)CC1F,8.440093374963887,<rdkit.Chem.rdchem.Mol object at 0x1776b6420>,True,7,489.58500000000026,2.8103000000000016,1,5,88.18,0.6365002895247474
6251,CHEMBL5788665,COC(=O)N1[C@H](C)C[C@H](NS(=O)(=O)N(C)C)[C@@H]1CO[C@H]1CC[C@@H](c2cc(F)cc(F)c2)CC1,9.2839966563652,<rdkit.Chem.rdchem.Mol object at 0x1776b6490>,True,7,489.5850000000003,3.001400000000001,1,5,88.18,0.6363050929447229
6264,CHEMBL5748497,COC(=O)N1C(C2CC2)C[C@H](NS(C)(=O)=O)C1COC1CCC(c2ccccc2)CC1,7.133712660915805,<rdkit.Chem.rdchem.Mol object at 0x1776b6880>,True,7,450.6010000000003,3.2665000000000024,1,5,84.94000000000001,0.6892177832041381
6266,CHEMBL5873637,CC[C@@H]1C[C@H](NS(C)(=O)=O)[C@H](CO[C@H]2CC[C@@H](c3ccccc3)CC2)N1C(=O)OC,8.522878745280337,<rdkit.Chem.rdchem.Mol object at 0x1776b68f0>,True,7,438.5900000000002,3.2665000000000015,1,5,84.94000000000001,0.7062665153118152
6268,CHEMBL5929635,C=C[C@@H]1C[C@H](NS(C)(=O)=O)[C@H](CO[C@H]2CC[C@@H](c3ccccc3)CC2)N1C(=O)OC,8.0268721464003,<rdkit.Chem.rdchem.Mol object at 0x1776b69d0>,True,7,436.5740000000002,3.0425000000000013,1,5,84.94000000000001,0.664327377774708
6282,CHEMBL6023244,COC(=O)N1[C@H](C)C[C@H](NS(=O)(=O)CF)[C@@H]1COC1CCC(c2cccc(F)c2)CC1,8.853871964321762,<rdkit.Chem.rdchem.Mol object at 0x1776b6d50>,True,7,460.5430000000003,3.312700000000002,1,5,84.94000000000001,0.6749183944507715
6285,CHEMBL5827725,CCc1ccccc1[C@H]1CC[C@@H](OC[C@H]2[C@@H](NS(=O)(=O)N(C)C)C[C@@H](C)N2C(=O)OC)CC1,8.657577319177793,<rdkit.Chem.rdchem.Mol object at 0x1776b6ea0>,True,8,481.65900000000033,3.2856000000000014,1,5,88.18,0.6156302219769323
6286,CHEMBL5749715,CCc1ccccc1[C@H]1CC[C@H](OC[C@H]2[C@@H](NS(=O)(=O)N(C)C)C[C@@H](C)N2C(=O)OC)CC1,6.954677021213342,<rdkit.Chem.rdchem.Mol object at 0x1776b6f10>,True,8,481.65900000000033,3.2856000000000014,1,5,88.18,0.6156302219769323
6288,CHEMBL5905339,COC(=O)N1[C@H](C)C[C@H](NS(=O)(=O)N(C)C)[C@@H]1CO[C@H]1CC[C@H](c2cccc(F)c2)CC1,8.080921907623926,<rdkit.Chem.rdchem.Mol object at 0x1776b6f80>,True,7,471.5950000000003,2.862300000000001,1,5,88.18,0.6607620889304239
6292,CHEMBL5760626,COC(=O)N1[C@H](C)C[C@H](NS(=O)(=O)N(C)C)[C@@H]1CO[C@H]1CC[C@H](c2cc(F)cc(F)c2)CC1,6.966576244513051,<rdkit.Chem.rdchem.Mol object at 0x1776b6ff0>,True,7,489.5850000000003,3.001400000000001,1,5,88.18,0.6363050929447229
6293,CHEMBL5998404,COC(=O)N1[C@H](C)C[C@H](NS(C)(=O)=O)[C@@H]1CO[C@H]1CC[C@@H](c2ccc(F)c(F)c2)CC1,7.5934598195660445,<rdkit.Chem.rdchem.Mol object at 0x1776b7060>,True,6,460.54300000000023,3.154600000000002,1,5,84.94000000000001,0.7050673757977318
6296,CHEMBL5752182,COC(=O)N1[C@H](C)C[C@H](NS(=O)(=O)N(C)C)[C@@H]1COC1CCC2(c3cccc(F)c3)CC2C1,6.728158393463501,<rdkit.Chem.rdchem.Mol object at 0x1776b71b0>,True,7,483.60600000000034,2.646300000000001,1,5,88.18,0.6443041589865321
6459,CHEMBL6172835,Cc1ccc(-n2nccn2)c(C(=O)N2CCCN2Cc2ccn(C3CCCCC3)n2)c1,7.376750709602099,<rdkit.Chem.rdchem.Mol object at 0x1775529d0>,True,5,419.53300000000024,3.5405200000000026,0,5,72.08000000000001,0.6325258383897961
